-- phpMyAdmin SQL Dump
-- version 4.5.1
-- http://www.phpmyadmin.net
--
-- Host: 127.0.0.1
-- Generation Time: Aug 08, 2018 at 01:59 PM
-- Server version: 10.1.16-MariaDB
-- PHP Version: 5.6.24

SET SQL_MODE = "NO_AUTO_VALUE_ON_ZERO";
SET time_zone = "+00:00";


/*!40101 SET @OLD_CHARACTER_SET_CLIENT=@@CHARACTER_SET_CLIENT */;
/*!40101 SET @OLD_CHARACTER_SET_RESULTS=@@CHARACTER_SET_RESULTS */;
/*!40101 SET @OLD_COLLATION_CONNECTION=@@COLLATION_CONNECTION */;
/*!40101 SET NAMES utf8mb4 */;

--
-- Database: `tomato220`
--
CREATE DATABASE IF NOT EXISTS `tomato220` DEFAULT CHARACTER SET latin1 COLLATE latin1_swedish_ci;
USE `tomato220`;

-- --------------------------------------------------------

--
-- Table structure for table `category`
--

DROP TABLE IF EXISTS `category`;
CREATE TABLE `category` (
  `id` int(11) NOT NULL,
  `category` varchar(100) DEFAULT NULL,
  `favorite` tinyint(1) NOT NULL DEFAULT '0',
  `timestamp` timestamp NOT NULL DEFAULT CURRENT_TIMESTAMP
) ENGINE=InnoDB DEFAULT CHARSET=latin1;

--
-- Dumping data for table `category`
--

INSERT INTO `category` (`id`, `category`, `favorite`, `timestamp`) VALUES
(1, 'Code', 0, '2017-12-20 18:04:32'),
(2, 'Norsk', 0, '2017-12-20 18:04:32'),
(3, 'Study', 0, '2017-12-20 18:05:17'),
(4, 'Work', 0, '2017-12-20 18:05:17'),
(5, 'Guitar', 0, '2017-12-20 18:06:29'),
(6, 'Task', 0, '2017-12-20 18:06:29'),
(7, 'Workout', 0, '2017-12-20 18:09:06'),
(8, 'Drawing', 0, '2017-12-20 18:09:06'),
(9, 'Design', 0, '2017-12-20 18:09:26'),
(10, 'Writing', 0, '2017-12-20 18:09:26'),
(11, 'Reading', 0, '2017-12-20 18:09:48'),
(12, 'Research', 0, '2017-12-20 18:09:48'),
(13, 'Visualizing', 0, '2017-12-20 18:11:40'),
(14, 'Jobsearch', 0, '2017-12-20 18:11:40'),
(15, 'Networking', 0, '2017-12-20 18:12:30'),
(16, 'Talking', 0, '2017-12-20 18:12:30'),
(17, 'Traveling', 0, '2017-12-20 18:13:06'),
(18, 'Kids', 0, '2017-12-20 18:13:06'),
(19, 'Therapy', 0, '2018-01-04 17:01:47'),
(20, 'Business', 0, '2018-01-23 11:09:29');

-- --------------------------------------------------------

--
-- Table structure for table `keywords`
--

DROP TABLE IF EXISTS `keywords`;
CREATE TABLE `keywords` (
  `id` int(11) NOT NULL,
  `keyword` varchar(100) DEFAULT NULL,
  `timestamp` timestamp NOT NULL DEFAULT CURRENT_TIMESTAMP
) ENGINE=InnoDB DEFAULT CHARSET=latin1;

--
-- Dumping data for table `keywords`
--

INSERT INTO `keywords` (`id`, `keyword`, `timestamp`) VALUES
(1, 'Norsk220', '2017-12-20 22:06:08'),
(3, 'Lindercreative', '2018-07-12 22:00:00'),
(4, 'dyrehospital', '0000-00-00 00:00:00'),
(5, 'Leiflinder', '0000-00-00 00:00:00'),
(6, 'Turtlepictures', '2018-07-12 22:00:00'),
(7, 'Sellgear', '0000-00-00 00:00:00'),
(8, 'Plethany', '0000-00-00 00:00:00'),
(9, 'Oslogitar', '0000-00-00 00:00:00'),
(10, 'endmodel', '0000-00-00 00:00:00'),
(11, 'eccowar', '0000-00-00 00:00:00'),
(14, 'Meables', '0000-00-00 00:00:00'),
(15, 'Henfarm', '0000-00-00 00:00:00'),
(18, 'Peakoilparty', '0000-00-00 00:00:00'),
(19, 'GIt', '0000-00-00 00:00:00'),
(20, 'MySQL', '2018-06-12 22:00:00'),
(21, 'Inkscape', '0000-00-00 00:00:00'),
(22, 'Drupal', '0000-00-00 00:00:00'),
(23, 'Bootstrap', '0000-00-00 00:00:00'),
(24, 'Wordpress', '2018-07-12 22:00:00'),
(25, 'XML', '2018-07-12 22:00:00'),
(26, 'Illustrator', '0000-00-00 00:00:00'),
(27, 'PHP', '0000-00-00 00:00:00'),
(28, 'HTMLCSS', '0000-00-00 00:00:00'),
(29, 'JAVA', '0000-00-00 00:00:00'),
(30, 'Javascript', '0000-00-00 00:00:00'),
(31, 'Angular', '0000-00-00 00:00:00'),
(32, 'Typescript', '2018-07-12 22:00:00'),
(33, 'Shell', '0000-00-00 00:00:00'),
(34, 'Ionic', '0000-00-00 00:00:00'),
(35, 'MongoDB', '0000-00-00 00:00:00'),
(36, 'NoSQL', '0000-00-00 00:00:00'),
(37, 'Ruby', '0000-00-00 00:00:00'),
(38, 'Rails', '0000-00-00 00:00:00'),
(39, 'Python', '0000-00-00 00:00:00'),
(40, 'Foodora', '0000-00-00 00:00:00'),
(41, 'Halvard', '0000-00-00 00:00:00'),
(42, 'Room', '0000-00-00 00:00:00'),
(43, 'Clothes', '0000-00-00 00:00:00'),
(44, 'Bike', '0000-00-00 00:00:00'),
(45, 'Kitchen', '0000-00-00 00:00:00'),
(46, 'Finn.no', '0000-00-00 00:00:00'),
(47, 'NAV', '0000-00-00 00:00:00'),
(48, 'Paperwork', '0000-00-00 00:00:00'),
(50, 'Songs', '0000-00-00 00:00:00'),
(51, 'Hiking', '2017-12-20 22:34:39'),
(52, 'MakeVideo', '2017-12-20 23:40:52'),
(53, 'FingerPicking', '2017-12-20 23:40:52'),
(54, 'Strumming', '2017-12-20 23:40:52'),
(55, 'Scales', '2017-12-20 23:40:52'),
(56, 'Meditation', '2017-12-20 23:40:52'),
(57, 'Stretching', '2017-12-20 23:40:52'),
(58, 'Cycling', '2017-12-20 23:40:52'),
(59, 'BagWork', '2017-12-20 23:40:52'),
(60, 'WingChun', '2017-12-20 23:40:52'),
(61, 'Verbs', '2017-12-20 23:40:52'),
(62, 'Nouns', '2017-12-20 23:40:52'),
(63, 'Phrases', '2017-12-20 23:40:52'),
(64, 'Comprehension', '2017-12-20 23:40:52'),
(65, 'YouTube', '2017-12-20 23:40:52'),
(66, 'Notes', '2017-12-20 23:40:52'),
(67, 'Recording', '2017-12-20 23:40:52'),
(69, 'Marketing', '2017-12-22 12:50:02'),
(70, 'Mictosport', '2017-12-22 12:50:02'),
(71, 'access2online', '2018-01-02 15:14:46'),
(73, 'News', '2018-01-05 08:14:49'),
(74, 'Helsfyr', '2018-01-10 08:42:15'),
(76, 'Norskurs', '2018-01-10 08:42:24'),
(77, 'Fullstack', '2018-01-10 08:48:37'),
(78, 'Coursera', '2018-01-10 08:48:37'),
(79, 'Class', '2018-01-10 08:48:56'),
(80, 'Work', '2018-01-10 08:48:56'),
(81, 'jquery', '2018-01-10 09:09:12'),
(84, 'Karense', '2018-01-11 08:06:57'),
(85, 'Clean', '2018-01-11 09:20:43'),
(86, 'Foodcaptain', '2018-01-16 09:53:02'),
(87, 'flashcards', '2018-01-16 11:57:06'),
(89, 'Worst', '2018-01-18 12:20:52'),
(91, 'Legal', '2018-01-18 12:29:36'),
(92, 'Bizware', '2018-01-22 13:26:23'),
(93, 'PeterShikli', '2018-01-22 13:26:23'),
(94, 'Flatpicking', '2018-01-23 11:17:44'),
(95, 'Taskmeister', '2018-01-25 10:35:46'),
(96, 'Robin', '2018-01-28 05:39:15'),
(97, 'Theory', '2018-02-05 11:41:29'),
(98, 'Health', '2018-02-08 09:19:56'),
(99, 'Sell', '2018-02-14 09:09:13'),
(100, 'Setup', '2018-02-22 07:32:21'),
(101, 'hatedstepchild', '2018-02-28 12:08:44'),
(103, 'NRK', '2018-03-05 08:25:00'),
(104, 'Homework', '2018-03-07 09:18:25'),
(105, 'Read', '2018-03-08 11:56:16'),
(106, 'Schema', '2018-03-27 07:38:36'),
(107, 'Normalization', '2018-03-27 07:38:36'),
(108, 'FrisorFind.com', '2018-03-28 10:13:58'),
(109, 'Segments', '2018-04-02 11:16:43'),
(110, 'Craigslist', '2018-04-12 07:14:23'),
(111, 'RainbowPaints', '2018-04-13 11:08:09'),
(112, 'Google', '2018-04-20 12:37:47'),
(113, 'Resume', '2018-04-20 12:45:54'),
(114, 'Officcecasual', '2018-04-20 12:45:54'),
(115, 'Research', '2018-04-20 13:07:28'),
(116, 'Temp', '2018-04-23 17:04:22'),
(117, 'WebSearch', '2018-04-23 17:04:35'),
(118, 'Interview', '2018-04-23 17:04:53'),
(119, 'Apply', '2018-04-23 19:29:53'),
(120, 'Net', '2018-04-25 14:25:24'),
(121, 'Font', '2018-05-06 20:17:15'),
(122, 'Logo', '2018-05-06 20:17:24'),
(123, 'Vacuum', '2018-06-23 05:59:25'),
(124, 'Grammar', '2018-06-23 05:59:25'),
(125, 'Multiplatform', '2018-06-26 07:57:52'),
(126, 'Dishes', '2018-06-27 09:53:19'),
(127, 'Photoshop', '2018-06-30 09:16:11'),
(128, 'Wireframes', '2018-06-30 09:16:11'),
(129, 'abdomen', '2018-07-02 08:54:06'),
(130, 'Flashcards', '2018-07-09 06:14:44'),
(131, 'Test', '2018-07-11 08:18:18'),
(133, 'Tomato220', '2018-07-13 07:45:00'),
(134, 'Friendolizer', '2018-07-21 08:00:20'),
(135, 'Sverigesradio', '2018-07-22 07:34:11'),
(136, 'Dagbladet', '2018-07-22 07:34:11'),
(137, 'Rest', '2018-07-22 10:17:09'),
(138, 'Linux', '2018-07-24 10:28:07'),
(139, 'Cordova', '2018-08-03 08:42:54'),
(140, 'Mockup', '2018-08-06 08:04:36'),
(141, 'Ubuntu', '2018-08-08 08:18:23');

-- --------------------------------------------------------

--
-- Table structure for table `link_cat_to_keywords`
--

DROP TABLE IF EXISTS `link_cat_to_keywords`;
CREATE TABLE `link_cat_to_keywords` (
  `id` int(11) NOT NULL,
  `cat_id` int(6) DEFAULT NULL,
  `keyword_id` int(6) DEFAULT NULL,
  `timestamp` timestamp NOT NULL DEFAULT CURRENT_TIMESTAMP
) ENGINE=InnoDB DEFAULT CHARSET=latin1;

--
-- Dumping data for table `link_cat_to_keywords`
--

INSERT INTO `link_cat_to_keywords` (`id`, `cat_id`, `keyword_id`, `timestamp`) VALUES
(4, 1, 4, '2017-12-30 01:59:07'),
(5, 1, 5, '2017-12-30 02:02:29'),
(6, 1, 6, '2017-12-30 02:02:29'),
(7, 1, 7, '2017-12-30 02:02:55'),
(8, 1, 8, '2017-12-30 02:02:55'),
(9, 1, 9, '2017-12-30 02:03:21'),
(10, 1, 10, '2017-12-30 02:03:21'),
(11, 1, 11, '2017-12-30 02:03:45'),
(12, 1, 12, '2017-12-30 02:03:45'),
(14, 1, 14, '2017-12-30 02:04:09'),
(15, 1, 15, '2017-12-30 02:07:35'),
(16, 1, 16, '2017-12-30 02:07:35'),
(18, 1, 18, '2017-12-30 02:08:35'),
(20, 1, 20, '2017-12-30 02:08:59'),
(21, 1, 21, '2017-12-30 02:09:25'),
(22, 1, 22, '2017-12-30 02:09:25'),
(23, 1, 23, '2017-12-30 02:11:18'),
(24, 1, 24, '2017-12-30 02:11:18'),
(25, 1, 25, '2017-12-30 02:11:39'),
(26, 1, 26, '2017-12-30 02:11:39'),
(27, 1, 27, '2017-12-30 02:12:07'),
(28, 1, 28, '2017-12-30 02:12:07'),
(29, 1, 29, '2017-12-30 02:12:31'),
(30, 1, 30, '2017-12-30 02:12:31'),
(31, 1, 31, '2017-12-30 02:12:56'),
(32, 1, 32, '2017-12-30 02:12:56'),
(33, 1, 33, '2017-12-30 02:13:18'),
(34, 1, 34, '2017-12-30 02:13:18'),
(35, 1, 35, '2017-12-30 02:13:43'),
(36, 1, 36, '2017-12-30 02:13:43'),
(37, 1, 37, '2017-12-30 02:14:51'),
(38, 1, 38, '2017-12-30 02:14:51'),
(39, 1, 39, '2017-12-30 02:15:03'),
(40, 5, 53, '2018-01-01 16:43:40'),
(41, 5, 54, '2018-01-01 16:43:40'),
(42, 5, 55, '2018-01-01 16:44:09'),
(43, 6, 56, '2018-01-01 16:44:09'),
(44, 5, 67, '2018-01-01 16:46:00'),
(45, 5, 68, '2018-01-01 16:46:00'),
(46, 5, 69, '2018-01-01 16:46:14'),
(47, 5, 50, '2018-01-01 17:01:41'),
(49, 5, 65, '2018-01-01 17:02:48'),
(50, 5, 66, '2018-01-01 17:02:48'),
(54, 3, 73, '2018-01-05 08:15:51'),
(61, 6, 86, '2018-01-16 09:53:37'),
(63, 3, 20, '2018-04-01 10:06:38'),
(64, 3, 21, '2018-04-01 10:06:58'),
(65, 3, 22, '2018-04-01 10:06:58'),
(66, 3, 23, '2018-04-01 10:07:19'),
(67, 3, 24, '2018-04-01 10:07:19'),
(68, 3, 25, '2018-04-01 10:07:40'),
(69, 3, 26, '2018-04-01 10:07:40'),
(70, 3, 27, '2018-04-01 10:08:03'),
(71, 3, 28, '2018-04-01 10:08:03'),
(72, 3, 29, '2018-04-01 10:08:22'),
(73, 3, 30, '2018-04-01 10:08:22'),
(74, 3, 31, '2018-04-01 10:08:42'),
(75, 3, 32, '2018-04-01 10:08:42'),
(76, 3, 33, '2018-04-01 10:09:01'),
(77, 3, 34, '2018-04-01 10:09:01'),
(78, 3, 35, '2018-04-01 10:09:20'),
(79, 3, 36, '2018-04-01 10:09:20'),
(80, 3, 37, '2018-04-01 10:09:40'),
(81, 3, 38, '2018-04-01 10:09:40'),
(82, 3, 39, '2018-04-01 10:09:48'),
(83, 5, 109, '2018-04-02 11:18:25'),
(84, 14, 110, '2018-04-20 12:43:21'),
(86, 14, 101, '2018-04-20 12:43:47'),
(87, 14, 47, '2018-04-20 12:43:47'),
(88, 14, 46, '2018-04-20 12:43:59'),
(89, 14, 113, '2018-04-20 12:48:50'),
(90, 14, 114, '2018-04-20 12:48:50'),
(94, 9, 4, '2018-04-22 15:09:03'),
(95, 9, 5, '2018-04-22 15:09:59'),
(96, 9, 6, '2018-04-22 15:09:59'),
(97, 9, 7, '2018-04-22 15:10:23'),
(98, 9, 8, '2018-04-22 15:10:23'),
(99, 9, 9, '2018-04-22 15:10:53'),
(100, 9, 10, '2018-04-22 15:10:53'),
(101, 9, 11, '2018-04-22 15:11:38'),
(103, 9, 14, '2018-04-22 15:15:22'),
(104, 9, 15, '2018-04-22 15:16:29'),
(105, 9, 18, '2018-04-22 15:16:29'),
(106, 1, 19, '2018-04-22 15:25:23'),
(107, 3, 19, '2018-04-22 15:25:23'),
(109, 9, 21, '2018-04-22 15:28:17'),
(110, 9, 41, '2018-04-22 15:29:07'),
(111, 9, 26, '2018-04-22 15:29:07'),
(113, 2, 61, '2018-04-23 13:44:22'),
(114, 2, 62, '2018-04-23 13:45:13'),
(115, 2, 63, '2018-04-23 13:45:13'),
(116, 2, 64, '2018-04-23 13:45:46'),
(117, 2, 65, '2018-04-23 13:45:46'),
(118, 2, 66, '2018-04-23 13:46:15'),
(119, 2, 67, '2018-04-23 13:46:15'),
(120, 2, 74, '2018-04-23 13:47:25'),
(121, 2, 76, '2018-04-23 13:47:25'),
(122, 2, 103, '2018-04-23 15:59:33'),
(125, 14, 115, '2018-04-23 17:08:07'),
(126, 14, 116, '2018-04-23 17:08:07'),
(127, 14, 118, '2018-04-23 17:08:45'),
(128, 14, 119, '2018-04-23 22:41:17'),
(129, 1, 120, '2018-04-25 14:28:40'),
(130, 3, 120, '2018-04-25 14:28:40'),
(131, 9, 121, '2018-05-06 20:18:04'),
(132, 9, 122, '2018-05-06 20:18:04'),
(133, 3, 77, '2018-06-16 19:50:01'),
(134, 3, 78, '2018-06-16 19:50:01'),
(135, 3, 79, '2018-06-16 19:50:12'),
(136, 2, 84, '2018-06-21 07:48:02'),
(137, 6, 40, '2018-06-21 07:55:05'),
(138, 6, 42, '2018-06-21 07:55:05'),
(139, 6, 43, '2018-06-21 07:55:51'),
(141, 6, 45, '2018-06-21 07:56:11'),
(144, 6, 47, '2018-06-21 07:56:34'),
(145, 6, 48, '2018-06-21 07:56:42'),
(146, 6, 85, '2018-06-21 07:57:48'),
(147, 6, 89, '2018-06-21 07:57:48'),
(148, 6, 90, '2018-06-21 07:58:17'),
(149, 6, 91, '2018-06-21 07:58:17'),
(150, 6, 98, '2018-06-21 07:58:57'),
(151, 6, 99, '2018-06-21 07:58:57'),
(152, 6, 101, '2018-06-21 07:59:33'),
(153, 6, 102, '2018-06-21 07:59:33'),
(154, 6, 104, '2018-06-21 08:00:08'),
(156, 6, 114, '2018-06-21 08:00:44'),
(157, 6, 115, '2018-06-21 08:00:44'),
(158, 6, 117, '2018-06-21 08:01:14'),
(159, 6, 118, '2018-06-21 08:01:14'),
(160, 6, 119, '2018-06-21 08:01:39'),
(161, 6, 123, '2018-06-21 08:01:39'),
(163, 2, 124, '2018-06-28 08:10:08'),
(164, 7, 57, '2018-07-02 08:45:26'),
(165, 7, 58, '2018-07-02 08:45:26'),
(166, 7, 59, '2018-07-02 08:46:18'),
(167, 7, 60, '2018-07-02 08:46:18'),
(169, 7, 70, '2018-07-02 08:47:09'),
(170, 7, 56, '2018-07-02 08:50:03'),
(172, 2, 130, '2018-07-09 06:15:46'),
(173, 2, 132, '2018-07-12 21:07:01'),
(178, 1, 134, '2018-07-21 09:34:20'),
(179, 9, 134, '2018-07-21 09:34:20'),
(180, 12, 134, '2018-07-21 09:34:20'),
(181, 13, 134, '2018-07-21 09:34:20'),
(182, 6, 44, '2018-07-21 11:32:53'),
(183, 12, 44, '2018-07-21 11:32:53'),
(184, 2, 136, '2018-07-22 10:17:31'),
(185, 2, 135, '2018-07-22 10:17:46'),
(186, 6, 137, '2018-07-22 10:18:21'),
(187, 7, 137, '2018-07-22 10:18:21'),
(188, 19, 137, '2018-07-22 10:18:21'),
(190, 1, 3, '2018-07-31 08:11:18'),
(191, 9, 3, '2018-07-31 08:11:18'),
(192, 12, 3, '2018-07-31 08:11:18'),
(193, 1, 133, '2018-07-31 08:12:18'),
(194, 2, 133, '2018-07-31 08:12:18'),
(195, 3, 133, '2018-07-31 08:12:18'),
(196, 9, 133, '2018-07-31 08:12:18'),
(197, 12, 133, '2018-07-31 08:12:18'),
(198, 13, 133, '2018-07-31 08:12:18'),
(199, 20, 133, '2018-07-31 08:12:18'),
(200, 1, 139, '2018-08-03 08:43:59'),
(201, 3, 139, '2018-08-03 08:43:59'),
(202, 9, 140, '2018-08-06 08:05:24'),
(203, 2, 105, '2018-08-08 05:56:44'),
(204, 6, 105, '2018-08-08 05:56:44'),
(205, 14, 105, '2018-08-08 05:56:44'),
(206, 1, 138, '2018-08-08 08:16:57'),
(207, 3, 138, '2018-08-08 08:16:57'),
(208, 12, 138, '2018-08-08 08:16:57');

-- --------------------------------------------------------

--
-- Table structure for table `link_tom_to_keywords`
--

DROP TABLE IF EXISTS `link_tom_to_keywords`;
CREATE TABLE `link_tom_to_keywords` (
  `id` int(11) NOT NULL,
  `tom_id` int(6) DEFAULT NULL,
  `keyword_id` int(6) DEFAULT NULL,
  `timestamp` timestamp NOT NULL DEFAULT CURRENT_TIMESTAMP
) ENGINE=InnoDB DEFAULT CHARSET=latin1;

--
-- Dumping data for table `link_tom_to_keywords`
--

INSERT INTO `link_tom_to_keywords` (`id`, `tom_id`, `keyword_id`, `timestamp`) VALUES
(1, 42, 44, '2018-01-11 08:48:34'),
(2, 41, 44, '2018-01-11 08:48:34'),
(3, 40, 4, '2018-01-11 08:49:50'),
(4, 39, 4, '2018-01-11 08:49:50'),
(5, 38, 133, '2018-01-11 08:50:22'),
(6, 37, 48, '2018-01-11 08:50:22'),
(7, 36, 84, '2018-01-11 08:50:58'),
(8, 35, 84, '2018-01-11 08:50:58'),
(9, 34, 73, '2018-01-11 08:51:43'),
(10, 33, 81, '2018-01-11 08:51:43'),
(11, 32, 31, '2018-01-11 08:52:45'),
(12, 31, 31, '2018-01-11 08:52:45'),
(13, 30, 133, '2018-01-11 08:53:17'),
(14, 29, 133, '2018-01-11 08:53:17'),
(15, 28, 133, '2018-01-11 08:53:48'),
(16, 27, 73, '2018-01-11 08:53:48'),
(17, 26, 73, '2018-01-11 08:54:19'),
(18, 25, 133, '2018-01-11 08:54:19'),
(19, 24, 133, '2018-01-11 08:54:56'),
(20, 23, 133, '2018-01-11 08:54:56'),
(21, 22, 133, '2018-01-11 08:55:34'),
(22, 21, 133, '2018-01-11 08:55:34'),
(23, 20, 133, '2018-01-11 08:56:06'),
(24, 19, 133, '2018-01-11 08:56:06'),
(25, 18, 133, '2018-01-11 08:56:39'),
(26, 17, 133, '2018-01-11 08:56:39'),
(27, 16, 71, '2018-01-11 08:57:20'),
(28, 15, 50, '2018-01-11 08:57:20'),
(29, 14, 50, '2018-01-11 08:58:02'),
(30, 13, 50, '2018-01-11 08:58:02'),
(31, 12, 50, '2018-01-11 08:58:52'),
(32, 11, 50, '2018-01-11 08:58:52'),
(33, 10, 133, '2018-01-11 08:59:30'),
(34, 9, 133, '2018-01-11 08:59:30'),
(35, 8, 133, '2018-01-11 09:00:07'),
(36, 7, 133, '2018-01-11 09:00:07'),
(37, 6, 133, '2018-01-11 09:00:34'),
(38, 5, 133, '2018-01-11 09:00:34'),
(39, 4, 133, '2018-01-11 09:01:04'),
(40, 3, 133, '2018-01-11 09:01:04'),
(41, 2, 133, '2018-01-11 09:01:33'),
(42, 1, 133, '2018-01-11 09:01:33'),
(43, 43, 84, '2018-01-11 09:27:54'),
(44, 43, 65, '2018-01-11 09:27:54'),
(45, 43, 64, '2018-01-11 09:28:35'),
(46, 43, 62, '2018-01-11 09:28:35'),
(47, 44, 20, '2018-01-11 09:42:59'),
(48, 44, 133, '2018-01-11 09:42:59'),
(49, 45, 20, '2018-01-11 09:43:27'),
(50, 45, 133, '2018-01-11 09:43:27'),
(51, 46, 20, '2018-01-11 09:43:53'),
(52, 46, 133, '2018-01-11 09:43:53'),
(53, 47, 76, '2018-01-11 14:24:23'),
(54, 47, 65, '2018-01-11 14:24:23'),
(55, 47, 64, '2018-01-11 14:24:48'),
(56, 48, 76, '2018-01-11 14:24:48'),
(57, 48, 65, '2018-01-11 14:25:26'),
(58, 48, 64, '2018-01-11 14:25:26'),
(59, 49, 133, '2018-01-11 14:29:57'),
(60, 49, 20, '2018-01-11 14:29:57'),
(61, 50, 41, '2018-01-11 15:35:39'),
(62, 51, 41, '2018-01-11 15:35:39'),
(63, 50, 24, '2018-01-11 15:36:28'),
(64, 51, 24, '2018-01-11 15:36:28'),
(65, 53, 20, '2018-01-12 08:31:42'),
(66, 53, 133, '2018-01-12 08:31:42'),
(67, 52, 20, '2018-01-12 08:32:01'),
(68, 52, 133, '2018-01-12 08:32:01'),
(69, 54, 133, '2018-01-12 09:14:02'),
(70, 54, 20, '2018-01-12 09:14:26'),
(71, 55, 20, '2018-01-12 10:11:10'),
(72, 55, 133, '2018-01-12 10:11:10'),
(73, 56, 133, '2018-01-12 10:38:59'),
(74, 56, 20, '2018-01-12 10:39:18'),
(75, 57, 44, '2018-01-12 11:42:41'),
(76, 58, 44, '2018-01-12 11:42:41'),
(77, 59, 64, '2018-01-15 09:04:08'),
(78, 60, 64, '2018-01-15 09:04:08'),
(79, 61, 64, '2018-01-15 09:04:31'),
(80, 62, 64, '2018-01-15 09:04:31'),
(81, 63, 20, '2018-01-15 09:05:52'),
(82, 64, 133, '2018-01-15 10:06:31'),
(83, 65, 133, '2018-01-15 10:06:31'),
(84, 64, 30, '2018-01-15 10:06:57'),
(85, 65, 30, '2018-01-15 10:06:57'),
(86, 66, 65, '2018-01-15 13:07:24'),
(87, 66, 64, '2018-01-15 13:07:24'),
(88, 66, 84, '2018-01-15 13:08:09'),
(89, 66, 84, '2018-01-15 13:08:09'),
(90, 66, 65, '2018-01-15 13:09:34'),
(91, 67, 64, '2018-01-15 13:09:34'),
(92, 67, 65, '2018-01-15 13:10:42'),
(93, 68, 84, '2018-01-15 13:10:42'),
(94, 74, 77, '2018-01-16 09:44:28'),
(95, 73, 77, '2018-01-16 09:44:28'),
(96, 72, 20, '2018-01-16 09:45:14'),
(97, 71, 41, '2018-01-16 09:45:14'),
(98, 70, 77, '2018-01-16 09:45:41'),
(99, 75, 77, '2018-01-16 09:48:45'),
(100, 76, 86, '2018-01-16 09:54:13'),
(101, 77, 87, '2018-01-16 11:58:42'),
(102, 78, 41, '2018-01-17 08:21:46'),
(103, 78, 4, '2018-01-17 08:21:46'),
(104, 78, 24, '2018-01-17 08:21:58'),
(105, 79, 87, '2018-01-17 08:25:31'),
(106, 80, 20, '2018-01-17 08:27:22'),
(107, 81, 4, '2018-01-17 10:30:41'),
(108, 81, 41, '2018-01-17 10:30:41'),
(109, 81, 24, '2018-01-17 10:30:56'),
(110, 82, 24, '2018-01-17 12:57:34'),
(111, 82, 41, '2018-01-17 12:57:51'),
(112, 82, 4, '2018-01-17 12:58:08'),
(113, 83, 24, '2018-01-17 19:36:26'),
(114, 84, 4, '2018-01-17 21:06:26'),
(115, 84, 41, '2018-01-17 21:06:45'),
(116, 84, 24, '2018-01-17 21:07:19'),
(117, 85, 4, '2018-01-18 10:09:56'),
(118, 85, 3, '2018-01-18 10:09:56'),
(119, 85, 41, '2018-01-18 10:10:29'),
(120, 85, 4, '2018-01-18 10:10:29'),
(121, 85, 24, '2018-01-18 10:10:41'),
(122, 86, 88, '2018-01-18 11:45:24'),
(123, 87, 90, '2018-01-18 12:30:47'),
(124, 87, 91, '2018-01-18 12:30:47'),
(125, 87, 92, '2018-01-18 12:30:58'),
(126, 88, 40, '2018-01-18 14:01:49'),
(127, 89, 48, '2018-01-18 14:03:50'),
(128, 90, 87, '2018-01-18 14:37:17'),
(129, 91, 50, '2018-01-19 09:48:21'),
(130, 91, 78, '2018-01-19 10:46:22'),
(131, 92, 31, '2018-01-19 10:46:22'),
(132, 93, 78, '2018-01-20 21:44:40'),
(133, 93, 77, '2018-01-20 21:44:40'),
(134, 93, 31, '2018-01-20 21:44:55'),
(135, 94, 93, '2018-01-22 13:41:48'),
(136, 94, 92, '2018-01-22 13:41:48'),
(137, 94, 3, '2018-01-22 13:41:56'),
(138, 96, 94, '2018-01-23 11:18:20'),
(139, 96, 55, '2018-01-23 11:18:20'),
(140, 96, 54, '2018-01-23 11:18:27'),
(141, 97, 44, '2018-01-23 11:25:39'),
(142, 98, 87, '2018-01-24 09:23:41'),
(143, 99, 50, '2018-01-24 09:36:26'),
(144, 100, 20, '2018-01-24 10:16:03'),
(145, 101, 3, '2018-01-24 10:28:06'),
(146, 102, 41, '2018-01-24 10:50:25'),
(147, 102, 3, '2018-01-24 10:50:25'),
(148, 102, 4, '2018-01-24 10:51:09'),
(149, 104, 50, '2018-01-24 21:36:33'),
(150, 105, 30, '2018-01-24 22:23:37'),
(151, 105, 31, '2018-01-24 22:23:37'),
(152, 105, 77, '2018-01-24 22:23:57'),
(153, 105, 78, '2018-01-24 22:23:57'),
(154, 107, 95, '2018-01-25 10:42:33'),
(155, 107, 93, '2018-01-25 10:42:33'),
(156, 107, 92, '2018-01-25 10:43:57'),
(157, 107, 3, '2018-01-25 10:43:57'),
(158, 106, 78, '2018-01-25 10:45:54'),
(159, 106, 77, '2018-01-25 10:45:54'),
(160, 106, 31, '2018-01-25 10:46:13'),
(161, 108, 54, '2018-01-26 08:58:11'),
(162, 108, 50, '2018-01-26 08:58:11'),
(163, 109, 3, '2018-01-26 09:29:16'),
(164, 109, 92, '2018-01-26 09:29:41'),
(165, 109, 92, '2018-01-26 09:30:02'),
(166, 109, 95, '2018-01-26 09:30:22'),
(167, 110, 96, '2018-01-28 05:40:15'),
(168, 111, 87, '2018-01-28 05:44:56'),
(169, 111, 62, '2018-01-28 05:44:56'),
(170, 112, 64, '2018-01-28 05:50:20'),
(171, 112, 65, '2018-01-28 05:50:20'),
(172, 112, 84, '2018-01-28 05:50:31'),
(173, 113, 20, '2018-01-28 05:51:58'),
(174, 114, 76, '2018-01-28 07:41:23'),
(175, 114, 77, '2018-01-28 07:41:23'),
(176, 115, 87, '2018-01-29 10:55:45'),
(177, 116, 77, '2018-01-29 11:05:44'),
(178, 116, 76, '2018-01-29 11:05:44'),
(179, 117, 65, '2018-01-30 08:32:14'),
(180, 117, 84, '2018-01-30 08:32:14'),
(181, 118, 87, '2018-01-30 12:01:58'),
(182, 118, 74, '2018-01-30 12:01:58'),
(183, 119, 92, '2018-01-30 12:03:53'),
(184, 119, 93, '2018-01-30 12:03:53'),
(185, 120, 84, '2018-01-31 10:25:22'),
(186, 120, 64, '2018-01-31 10:25:22'),
(187, 120, 65, '2018-01-31 10:25:29'),
(188, 121, 43, '2018-01-31 10:27:46'),
(189, 122, 50, '2018-01-31 17:20:45'),
(190, 123, 78, '2018-01-31 17:24:59'),
(191, 123, 31, '2018-01-31 17:24:59'),
(192, 124, 84, '2018-02-01 09:01:19'),
(193, 124, 65, '2018-02-01 09:01:19'),
(194, 125, 31, '2018-02-01 09:54:44'),
(195, 125, 78, '2018-02-01 09:54:44'),
(196, 126, 92, '2018-02-01 13:32:48'),
(197, 126, 93, '2018-02-01 13:32:48'),
(198, 127, 82, '2018-02-02 19:33:38'),
(199, 128, 44, '2018-02-02 19:37:17'),
(200, 129, 27, '2018-02-02 20:42:37'),
(201, 129, 133, '2018-02-02 20:42:37'),
(202, 130, 42, '2018-02-05 11:13:27'),
(203, 130, 43, '2018-02-05 11:13:27'),
(204, 132, 49, '2018-02-05 11:41:00'),
(205, 132, 47, '2018-02-05 11:41:00'),
(206, 133, 97, '2018-02-05 11:41:57'),
(207, 133, 84, '2018-02-05 11:44:55'),
(208, 134, 133, '2018-02-05 20:53:00'),
(209, 134, 27, '2018-02-05 20:53:00'),
(210, 135, 27, '2018-02-06 09:15:17'),
(211, 135, 133, '2018-02-06 09:15:41'),
(212, 146, 77, '2018-02-07 15:48:50'),
(213, 146, 78, '2018-02-07 15:48:50'),
(214, 147, 84, '2018-02-07 15:53:03'),
(215, 147, 65, '2018-02-07 15:53:03'),
(216, 148, 92, '2018-02-08 06:26:33'),
(217, 148, 93, '2018-02-08 06:26:33'),
(218, 149, 93, '2018-02-08 09:18:04'),
(219, 149, 92, '2018-02-08 09:18:04'),
(220, 150, 98, '2018-02-08 10:34:18'),
(221, 151, 98, '2018-02-08 10:37:28'),
(222, 152, 55, '2018-02-08 12:32:03'),
(223, 153, 50, '2018-02-09 10:41:48'),
(224, 153, 55, '2018-02-09 10:41:48'),
(225, 154, 76, '2018-02-09 10:44:11'),
(226, 154, 31, '2018-02-09 10:44:11'),
(227, 155, 57, '2018-02-09 11:15:37'),
(228, 156, 54, '2018-02-09 11:18:08'),
(229, 157, 92, '2018-02-09 11:21:05'),
(230, 157, 93, '2018-02-09 11:21:29'),
(231, 158, 78, '2018-02-11 10:13:30'),
(232, 158, 77, '2018-02-11 10:13:30'),
(233, 159, 84, '2018-02-11 13:44:51'),
(234, 159, 65, '2018-02-11 13:44:51'),
(235, 160, 87, '2018-02-11 13:45:52'),
(236, 161, 84, '2018-02-14 08:58:45'),
(237, 161, 65, '2018-02-14 08:58:45'),
(238, 162, 46, '2018-02-14 09:08:27'),
(239, 162, 44, '2018-02-14 09:08:27'),
(240, 162, 99, '2018-02-14 09:08:27'),
(241, 163, 133, '2018-02-14 09:14:57'),
(242, 163, 20, '2018-02-14 09:14:57'),
(243, 164, 20, '2018-02-15 03:52:43'),
(244, 164, 133, '2018-02-15 03:53:00'),
(245, 165, 20, '2018-02-15 03:53:00'),
(246, 165, 133, '2018-02-15 03:53:00'),
(247, 166, 44, '2018-02-15 15:25:13'),
(248, 167, 84, '2018-02-15 15:32:21'),
(249, 167, 65, '2018-02-15 15:32:21'),
(250, 168, 78, '2018-02-22 07:29:03'),
(251, 168, 77, '2018-02-22 07:29:03'),
(252, 168, 31, '2018-02-22 07:29:38'),
(253, 168, 32, '2018-02-22 07:29:38'),
(254, 169, 50, '2018-02-22 07:32:37'),
(255, 169, 100, '2018-02-22 07:32:37'),
(256, 170, 32, '2018-02-22 08:50:19'),
(257, 170, 31, '2018-02-22 08:50:37'),
(258, 170, 77, '2018-02-22 08:51:02'),
(259, 170, 78, '2018-02-22 08:51:18'),
(260, 171, 78, '2018-02-23 10:18:25'),
(261, 171, 77, '2018-02-23 10:18:42'),
(262, 171, 31, '2018-02-23 10:19:03'),
(263, 171, 32, '2018-02-23 10:19:23'),
(264, 172, 46, '2018-02-24 19:34:10'),
(265, 173, 78, '2018-02-25 08:48:58'),
(266, 173, 31, '2018-02-25 08:48:58'),
(267, 173, 77, '2018-02-25 08:49:09'),
(268, 174, 77, '2018-02-26 11:15:16'),
(269, 174, 31, '2018-02-26 11:15:16'),
(270, 175, 77, '2018-02-26 11:16:53'),
(271, 175, 78, '2018-02-26 11:16:53'),
(272, 175, 31, '2018-02-26 11:17:15'),
(273, 175, NULL, '2018-02-26 11:17:15'),
(274, 176, 46, '2018-02-26 11:54:10'),
(275, 176, 44, '2018-02-26 11:54:10'),
(276, 177, 77, '2018-02-27 08:00:15'),
(277, 177, 78, '2018-02-27 08:00:15'),
(278, 177, 31, '2018-02-27 08:04:16'),
(279, 178, 74, '2018-02-27 13:03:24'),
(280, 178, 76, '2018-02-27 13:03:24'),
(281, 179, 65, '2018-02-28 11:43:07'),
(282, 179, 84, '2018-02-28 11:43:07'),
(283, 180, 82, '2018-02-28 11:50:25'),
(284, 180, 85, '2018-02-28 11:50:25'),
(285, 181, 101, '2018-02-28 12:11:04'),
(286, 181, 93, '2018-02-28 12:11:04'),
(287, 182, 102, '2018-02-28 12:58:41'),
(288, 183, 31, '2018-02-28 19:09:21'),
(289, 183, 78, '2018-02-28 19:09:42'),
(290, 184, 31, '2018-03-01 07:42:22'),
(291, 184, 78, '2018-03-01 07:42:22'),
(292, 185, 73, '2018-03-01 08:34:39'),
(294, 186, 44, '2018-03-01 14:16:32'),
(295, 187, 84, '2018-03-02 07:21:00'),
(296, 187, 65, '2018-03-02 07:21:00'),
(297, 188, 65, '2018-03-03 19:19:26'),
(298, 188, 84, '2018-03-03 19:19:26'),
(299, 190, 27, '2018-03-04 10:42:36'),
(300, 190, 133, '2018-03-04 10:42:36'),
(301, 191, 65, '2018-03-05 08:24:46'),
(302, 191, 84, '2018-03-05 08:24:46'),
(303, 191, 103, '2018-03-05 08:24:46'),
(304, 193, 31, '2018-03-05 08:32:14'),
(305, 193, 78, '2018-03-05 08:32:14'),
(306, 194, 84, '2018-03-05 08:40:18'),
(307, 194, 65, '2018-03-05 08:40:18'),
(308, 195, 27, '2018-03-05 08:59:56'),
(309, 195, 133, '2018-03-05 08:59:56'),
(310, 196, 19, '2018-03-05 11:01:21'),
(311, 196, 31, '2018-03-05 11:01:21'),
(312, 197, 101, '2018-03-05 21:10:59'),
(313, 198, 133, '2018-03-05 21:54:14'),
(314, 198, 27, '2018-03-05 21:54:14'),
(315, 199, 50, '2018-03-06 11:35:39'),
(316, 199, 55, '2018-03-06 11:35:39'),
(317, 200, 43, '2018-03-06 11:38:08'),
(318, 201, 31, '2018-03-06 13:21:53'),
(319, 201, 78, '2018-03-06 13:21:53'),
(320, 202, 31, '2018-03-07 06:54:38'),
(321, 202, 78, '2018-03-07 06:54:38'),
(322, 203, 31, '2018-03-07 09:13:33'),
(323, 203, 78, '2018-03-07 09:13:33'),
(324, 204, 103, '2018-03-07 09:18:06'),
(325, 204, 104, '2018-03-07 09:18:06'),
(326, 206, 92, '2018-03-07 09:34:05'),
(327, 206, 93, '2018-03-07 09:34:05'),
(328, 207, 87, '2018-03-08 11:48:11'),
(329, 208, 84, '2018-03-08 11:52:08'),
(330, 208, 65, '2018-03-08 11:52:08'),
(331, 209, 105, '2018-03-08 11:56:43'),
(332, 210, 78, '2018-03-08 13:34:29'),
(333, 210, 31, '2018-03-08 13:34:29'),
(334, 211, 46, '2018-03-09 07:20:03'),
(335, 212, 31, '2018-03-09 10:28:02'),
(336, 212, 78, '2018-03-09 10:28:02'),
(337, 213, 92, '2018-03-11 11:31:50'),
(338, 213, 93, '2018-03-11 11:31:50'),
(339, 214, 78, '2018-03-11 14:18:11'),
(340, 214, 77, '2018-03-11 14:18:11'),
(341, 214, 31, '2018-03-11 14:18:29'),
(342, 214, 78, '2018-03-11 14:18:29'),
(343, 215, 78, '2018-03-13 07:59:44'),
(344, 215, 31, '2018-03-13 07:59:44'),
(347, 216, 44, '2018-03-13 12:40:46'),
(348, 217, 93, '2018-03-14 06:43:59'),
(349, 217, 92, '2018-03-14 06:43:59'),
(350, 218, 31, '2018-03-15 13:09:52'),
(351, 218, 78, '2018-03-15 13:09:52'),
(352, 219, 93, '2018-03-15 13:16:17'),
(353, 219, 92, '2018-03-15 13:16:17'),
(354, 220, 44, '2018-03-15 13:19:29'),
(356, 221, 65, '2018-03-16 07:13:42'),
(357, 221, 84, '2018-03-16 07:13:42'),
(358, 222, 92, '2018-03-16 20:34:43'),
(359, 222, 93, '2018-03-16 20:34:43'),
(360, 223, 85, '2018-03-16 20:35:55'),
(362, 224, 78, '2018-03-18 09:16:00'),
(363, 224, 31, '2018-03-18 09:16:00'),
(364, 225, 31, '2018-03-18 09:16:00'),
(365, 225, 78, '2018-03-18 09:16:00'),
(366, 227, 65, '2018-03-19 09:57:36'),
(367, 227, 84, '2018-03-19 09:57:36'),
(368, 230, 86, '2018-03-19 13:01:36'),
(369, 263, 93, '2018-03-20 09:19:51'),
(370, 263, 92, '2018-03-20 09:19:51'),
(371, 270, 133, '2018-03-20 10:50:33'),
(372, 270, 3, '2018-03-20 10:50:33'),
(374, 270, 27, '2018-03-20 10:51:11'),
(375, 347, 27, '2018-03-23 08:19:30'),
(376, 347, 133, '2018-03-23 08:19:30'),
(383, 357, 133, '2018-03-23 11:40:06'),
(384, 357, 4, '2018-03-23 11:40:06'),
(385, 357, 6, '2018-03-23 11:40:06'),
(386, 358, 8, '2018-03-23 11:57:50'),
(387, 358, 10, '2018-03-23 11:57:50'),
(388, 359, 133, '2018-03-23 15:19:46'),
(389, 359, 27, '2018-03-23 15:19:46'),
(390, 361, 78, '2018-03-25 09:15:57'),
(391, 361, 31, '2018-03-25 09:15:57'),
(392, 361, 32, '2018-03-25 09:15:57'),
(393, 362, 106, '2018-03-27 07:40:42'),
(394, 362, 107, '2018-03-27 07:40:42'),
(395, 362, 20, '2018-03-27 07:41:11'),
(396, 363, 31, '2018-03-28 06:09:48'),
(397, 363, 78, '2018-03-28 06:09:48'),
(398, 363, 77, '2018-03-28 06:10:00'),
(399, 364, 21, '2018-03-28 10:13:43'),
(400, 364, 108, '2018-03-28 10:13:43'),
(401, 365, 84, '2018-03-30 07:31:50'),
(402, 365, 64, '2018-03-30 07:31:50'),
(403, 365, 85, '2018-03-30 07:32:01'),
(404, 366, 52, '2018-03-30 07:35:46'),
(405, 366, 54, '2018-03-30 07:35:46'),
(406, 365, 84, '2018-03-30 07:41:47'),
(407, 365, 64, '2018-03-30 07:41:47'),
(408, 367, 51, '2018-03-30 07:45:39'),
(409, 369, 50, '2018-03-30 07:49:25'),
(410, 369, 55, '2018-03-30 07:49:25'),
(411, 370, 101, '2018-03-30 08:10:29'),
(412, 372, 19, '2018-04-02 09:28:57'),
(413, 372, 78, '2018-04-02 09:28:57'),
(414, 373, 31, '2018-04-02 10:07:57'),
(415, 373, 78, '2018-04-02 10:07:57'),
(416, 374, 31, '2018-04-03 16:09:00'),
(417, 374, 78, '2018-04-03 16:09:00'),
(418, 376, 64, '2018-04-03 16:11:36'),
(419, 376, 84, '2018-04-03 16:11:36'),
(420, 377, 78, '2018-04-04 06:55:00'),
(421, 377, 31, '2018-04-04 06:55:00'),
(422, 378, 78, '2018-04-05 08:30:46'),
(423, 378, 31, '2018-04-05 08:30:46'),
(424, 379, 65, '2018-04-06 07:59:56'),
(425, 379, 84, '2018-04-06 07:59:56'),
(426, 379, 64, '2018-04-06 08:00:20'),
(427, 380, 82, '2018-04-06 08:06:21'),
(428, 381, 109, '2018-04-06 08:10:06'),
(429, 382, 101, '2018-04-06 08:45:41'),
(430, 383, 31, '2018-04-08 07:12:02'),
(431, 383, 78, '2018-04-08 07:12:02'),
(432, 383, 77, '2018-04-08 07:12:29'),
(433, 384, 78, '2018-04-09 08:46:36'),
(434, 384, 77, '2018-04-09 08:46:36'),
(435, 384, 31, '2018-04-09 08:47:20'),
(437, 385, 31, '2018-04-09 08:47:20'),
(438, 385, 78, '2018-04-09 08:46:36'),
(439, 385, 77, '2018-04-09 08:46:36'),
(440, 386, 31, '2018-04-10 06:46:27'),
(441, 386, 77, '2018-04-10 06:46:27'),
(442, 386, 78, '2018-04-10 06:46:38'),
(443, 387, 73, '2018-04-10 09:31:26'),
(444, 389, 26, '2018-04-11 05:51:33'),
(445, 389, 3, '2018-04-11 05:51:33'),
(446, 390, 104, '2018-04-11 09:37:03'),
(447, 391, 43, '2018-04-11 09:38:44'),
(448, 392, 33, '2018-04-12 06:50:39'),
(449, 392, 78, '2018-04-12 06:50:39'),
(450, 392, 77, '2018-04-12 06:51:03'),
(451, 393, 26, '2018-04-12 06:55:13'),
(452, 394, 101, '2018-04-12 07:09:22'),
(453, 395, 110, '2018-04-12 07:16:58'),
(454, 396, 101, '2018-04-13 08:58:10'),
(455, 397, 26, '2018-04-13 09:02:55'),
(456, 398, 84, '2018-04-13 09:07:44'),
(458, 399, 111, '2018-04-13 11:09:36'),
(459, 399, 26, '2018-04-13 11:09:36'),
(460, 400, 133, '2018-04-13 14:19:58'),
(461, 400, 27, '2018-04-13 14:19:58'),
(462, 400, 3, '2018-04-13 14:20:48'),
(463, 400, 20, '2018-04-13 14:20:48'),
(464, 401, 27, '2018-04-16 11:40:34'),
(465, 401, 133, '2018-04-16 11:40:34'),
(466, 402, 133, '2018-04-16 15:38:21'),
(467, 402, 27, '2018-04-16 15:38:21'),
(468, 403, 133, '2018-04-17 18:55:25'),
(469, 403, 27, '2018-04-17 18:55:25'),
(470, 404, 27, '2018-04-18 16:15:58'),
(471, 405, 31, '2018-04-18 17:27:04'),
(472, 406, 26, '2018-04-19 22:39:34'),
(473, 407, 53, '2018-04-20 11:45:08'),
(474, 407, 55, '2018-04-20 11:45:08'),
(475, 407, 109, '2018-04-20 11:45:08'),
(479, 408, 101, '2018-04-20 12:40:45'),
(482, 408, 113, '2018-04-20 13:04:16'),
(483, 408, 112, '2018-04-20 13:04:16'),
(484, 408, 115, '2018-04-20 13:11:41'),
(485, 409, 133, '2018-04-21 01:28:25'),
(486, 409, 27, '2018-04-21 01:28:25'),
(487, 410, 133, '2018-04-22 00:16:28'),
(488, 410, 27, '2018-04-22 00:16:28'),
(489, 411, 26, '2018-04-22 15:34:39'),
(490, 411, 133, '2018-04-22 15:34:39'),
(491, 412, 133, '2018-04-22 15:38:04'),
(492, 412, 20, '2018-04-22 15:38:04'),
(493, 413, 53, '2018-04-22 15:43:05'),
(494, 413, 50, '2018-04-22 15:43:05'),
(495, 413, 109, '2018-04-22 15:43:05'),
(496, 414, 64, '2018-04-23 15:50:09'),
(497, 414, 84, '2018-04-23 15:50:09'),
(498, 415, 20, '2018-04-23 15:58:41'),
(499, 415, 133, '2018-04-23 15:58:41'),
(500, 416, 116, '2018-04-23 17:10:28'),
(501, 417, 116, '2018-04-23 17:42:25'),
(502, 417, 118, '2018-04-23 17:42:26'),
(503, 418, 113, '2018-04-23 19:29:03'),
(504, 418, 116, '2018-04-23 19:29:03'),
(505, 418, 119, '2018-04-23 19:30:20'),
(506, 419, 113, '2018-04-23 19:57:24'),
(507, 420, 113, '2018-04-23 22:39:58'),
(508, 420, 115, '2018-04-23 22:39:58'),
(509, 420, 116, '2018-04-23 22:39:58'),
(510, 420, 119, '2018-04-23 22:39:58'),
(511, 421, 110, '2018-04-23 23:18:26'),
(512, 421, 119, '2018-04-23 23:18:26'),
(513, 421, 110, '2018-04-25 01:00:26'),
(514, 421, 119, '2018-04-25 01:00:27'),
(515, 422, 133, '2018-04-25 12:22:10'),
(516, 422, 26, '2018-04-25 12:25:09'),
(517, 423, 120, '2018-04-25 14:29:25'),
(518, 423, 133, '2018-04-25 17:34:31'),
(519, 424, 119, '2018-04-26 04:50:51'),
(520, 425, 26, '2018-04-30 00:47:07'),
(521, 426, 3, '2018-05-06 20:16:04'),
(522, 426, 121, '2018-05-06 20:16:04'),
(523, 426, 122, '2018-05-06 20:16:04'),
(526, 430, 78, '2018-05-07 17:48:18'),
(527, 430, 31, '2018-05-07 17:48:18'),
(528, 430, 77, '2018-05-07 17:48:54'),
(529, 433, 64, '2018-05-08 18:41:48'),
(530, 433, 65, '2018-05-08 18:41:48'),
(531, 434, 3, '2018-05-08 18:42:27'),
(532, 434, 26, '2018-05-08 18:42:27'),
(533, 435, 30, '2018-05-14 17:43:52'),
(534, 435, 31, '2018-05-14 17:43:52'),
(535, 435, 78, '2018-05-14 17:45:02'),
(536, 435, 77, '2018-05-14 17:45:40'),
(537, 436, 133, '2018-05-16 17:45:13'),
(538, 436, 27, '2018-05-16 17:45:13'),
(539, 437, 115, '2018-05-16 17:46:43'),
(540, 437, 116, '2018-05-16 17:46:43'),
(541, 437, 115, '2018-05-17 15:43:02'),
(542, 437, 116, '2018-05-17 15:43:02'),
(543, 437, 115, '2018-05-17 17:03:15'),
(544, 437, 116, '2018-05-17 17:03:15'),
(545, 437, 77, '2018-05-17 17:03:15'),
(546, 437, 78, '2018-05-17 17:03:15'),
(547, 439, 133, '2018-06-13 09:28:48'),
(548, 439, 20, '2018-06-13 09:28:48'),
(549, 439, 133, '2018-06-13 18:51:44'),
(550, 439, 20, '2018-06-13 18:51:44'),
(551, 440, 133, '2018-06-14 09:32:12'),
(552, 440, 27, '2018-06-14 09:32:13'),
(553, 441, 30, '2018-06-16 19:46:20'),
(554, 441, 31, '2018-06-16 19:46:20'),
(555, 441, 32, '2018-06-16 19:46:20'),
(556, 442, 77, '2018-06-16 19:46:20'),
(557, 441, 78, '2018-06-16 19:46:20'),
(558, 441, 79, '2018-06-16 19:46:20'),
(559, 442, 30, '2018-06-17 07:18:55'),
(560, 442, 31, '2018-06-17 07:18:56'),
(561, 442, 32, '2018-06-17 07:18:57'),
(562, 443, 30, '2018-06-18 06:57:59'),
(563, 443, 31, '2018-06-18 06:57:59'),
(564, 443, 32, '2018-06-18 06:57:59'),
(565, 443, 77, '2018-06-18 06:57:59'),
(566, 443, 78, '2018-06-18 06:57:59'),
(567, 444, 30, '2018-06-19 13:35:23'),
(568, 444, 31, '2018-06-19 13:35:23'),
(569, 444, 32, '2018-06-19 13:35:23'),
(570, 444, 77, '2018-06-19 13:35:23'),
(571, 444, 78, '2018-06-19 13:35:23'),
(572, 445, 78, '2018-06-19 13:35:23'),
(573, 445, 30, '2018-06-19 13:35:23'),
(574, 445, 31, '2018-06-19 13:35:23'),
(575, 445, 77, '2018-06-19 13:35:23'),
(576, 446, 30, '2018-06-20 06:35:12'),
(577, 446, 31, '2018-06-20 06:35:12'),
(578, 446, 32, '2018-06-20 06:35:12'),
(579, 446, 77, '2018-06-20 06:35:12'),
(580, 446, 78, '2018-06-20 06:35:12'),
(581, 447, 53, '2018-06-20 06:36:27'),
(582, 447, 55, '2018-06-20 06:36:28'),
(583, 447, 50, '2018-06-20 06:36:28'),
(584, 447, 109, '2018-06-20 06:36:28'),
(586, 448, 64, '2018-06-21 07:46:19'),
(587, 448, 65, '2018-06-21 07:46:19'),
(588, 448, 84, '2018-06-21 07:46:19'),
(589, 450, 133, '2018-06-21 08:03:03'),
(590, 451, 30, '2018-06-21 11:28:23'),
(591, 451, 31, '2018-06-21 11:28:23'),
(592, 451, 32, '2018-06-21 11:28:23'),
(593, 451, 77, '2018-06-21 11:28:23'),
(594, 451, 78, '2018-06-21 11:28:24'),
(595, 451, 30, '2018-06-21 11:37:41'),
(596, 451, 31, '2018-06-21 11:37:41'),
(597, 451, 32, '2018-06-21 11:37:41'),
(598, 451, 77, '2018-06-21 11:37:41'),
(599, 451, 78, '2018-06-21 11:37:41'),
(600, 452, 30, '2018-06-22 06:17:32'),
(601, 452, 31, '2018-06-22 06:17:33'),
(602, 452, 32, '2018-06-22 06:17:33'),
(603, 452, 77, '2018-06-22 06:17:33'),
(604, 452, 78, '2018-06-22 06:17:33'),
(605, 453, 84, '2018-06-23 05:57:49'),
(606, 453, 65, '2018-06-23 05:57:49'),
(607, 453, 124, '2018-06-23 06:07:45'),
(608, 454, 44, '2018-06-23 06:20:15'),
(609, 455, 133, '2018-06-23 06:45:35'),
(610, 455, 20, '2018-06-23 06:45:35'),
(611, 456, 30, '2018-06-23 06:55:58'),
(612, 456, 31, '2018-06-23 06:55:58'),
(613, 456, 32, '2018-06-23 06:55:58'),
(614, 456, 77, '2018-06-23 06:55:58'),
(615, 456, 78, '2018-06-23 06:55:58'),
(616, 457, 40, '2018-06-23 07:48:32'),
(617, 457, 44, '2018-06-23 07:48:32'),
(618, 457, 46, '2018-06-23 07:48:32'),
(619, 457, 117, '2018-06-23 07:48:32'),
(620, 458, 54, '2018-06-25 08:22:20'),
(621, 458, 67, '2018-06-25 08:22:20'),
(622, 458, 50, '2018-06-25 08:22:20'),
(623, 459, 40, '2018-06-25 09:24:55'),
(624, 459, 44, '2018-06-25 09:24:55'),
(625, 460, 89, '2018-06-25 09:51:06'),
(626, 460, 101, '2018-06-25 09:51:06'),
(627, 461, 101, '2018-06-25 10:56:59'),
(628, 461, 46, '2018-06-25 10:57:00'),
(629, 461, 113, '2018-06-25 10:57:00'),
(630, 461, 115, '2018-06-25 10:57:00'),
(631, 461, 116, '2018-06-25 10:57:00'),
(632, 462, 30, '2018-06-25 12:15:22'),
(633, 462, 31, '2018-06-25 12:15:22'),
(634, 462, 32, '2018-06-25 12:15:22'),
(635, 462, 77, '2018-06-25 12:15:22'),
(636, 462, 78, '2018-06-25 12:15:22'),
(637, 463, 45, '2018-06-26 07:34:12'),
(638, 463, 85, '2018-06-26 07:34:12'),
(639, 464, 53, '2018-06-26 07:38:27'),
(640, 464, 54, '2018-06-26 07:38:27'),
(641, 465, 77, '2018-06-26 07:56:49'),
(642, 465, 78, '2018-06-26 07:56:49'),
(643, 465, 125, '2018-06-26 07:56:49'),
(644, 466, 63, '2018-06-27 08:33:55'),
(645, 466, 64, '2018-06-27 08:33:55'),
(646, 466, 65, '2018-06-27 08:33:55'),
(647, 466, 84, '2018-06-27 08:33:55'),
(648, 467, 47, '2018-06-27 08:53:03'),
(649, 467, 48, '2018-06-27 08:53:03'),
(650, 467, 89, '2018-06-27 08:53:03'),
(651, 467, 101, '2018-06-27 08:53:03'),
(652, 468, 45, '2018-06-27 09:52:12'),
(653, 468, 85, '2018-06-27 09:52:12'),
(654, 468, 123, '2018-06-27 09:52:12'),
(655, 468, 126, '2018-06-27 09:52:12'),
(656, 469, 44, '2018-06-27 10:06:46'),
(657, 470, 40, '2018-06-27 10:11:54'),
(658, 470, 44, '2018-06-27 10:11:54'),
(659, 471, 42, '2018-06-27 10:17:22'),
(660, 471, 43, '2018-06-27 10:17:22'),
(661, 472, 124, '2018-06-28 08:11:23'),
(662, 473, 64, '2018-06-28 10:40:23'),
(663, 473, 65, '2018-06-28 10:40:23'),
(664, 473, 66, '2018-06-28 10:40:23'),
(665, 473, 103, '2018-06-28 10:40:23'),
(666, 474, 64, '2018-06-28 10:41:00'),
(667, 474, 65, '2018-06-28 10:41:00'),
(668, 474, 103, '2018-06-28 10:41:00'),
(669, 475, 133, '2018-06-30 09:14:15'),
(670, 475, 26, '2018-06-30 09:14:15'),
(671, 475, 122, '2018-06-30 09:14:15'),
(672, 475, 127, '2018-06-30 09:14:15'),
(673, 475, 128, '2018-06-30 09:14:15'),
(674, 476, 45, '2018-06-30 13:34:06'),
(675, 477, 46, '2018-06-30 13:35:12'),
(676, 478, 133, '2018-07-01 14:33:35'),
(677, 479, 61, '2018-07-01 14:35:11'),
(678, 479, 65, '2018-07-01 14:35:11'),
(679, 479, 84, '2018-07-01 14:35:11'),
(680, 479, 124, '2018-07-01 14:35:11'),
(681, 480, 54, '2018-07-02 07:18:03'),
(682, 480, 67, '2018-07-02 07:18:03'),
(683, 480, 109, '2018-07-02 07:18:03'),
(684, 481, 56, '2018-07-02 08:50:40'),
(685, 481, 57, '2018-07-02 08:50:40'),
(686, 481, 60, '2018-07-02 08:51:33'),
(687, 481, 129, '2018-07-02 08:51:33'),
(688, 482, 133, '2018-07-02 09:05:24'),
(689, 482, 27, '2018-07-02 09:05:24'),
(690, 482, 20, '2018-07-02 09:05:24'),
(691, 483, 50, '2018-07-03 06:46:27'),
(692, 484, 101, '2018-07-03 06:48:07'),
(693, 484, 113, '2018-07-03 06:48:07'),
(694, 484, 54, '2018-07-03 07:42:27'),
(695, 484, 67, '2018-07-03 07:42:27'),
(696, 484, 109, '2018-07-03 07:42:27'),
(697, 485, 133, '2018-07-03 08:51:12'),
(698, 485, 20, '2018-07-03 08:51:12'),
(699, 485, 27, '2018-07-03 08:51:13'),
(700, 493, 50, '2018-07-04 07:53:32'),
(701, 495, 133, '2018-07-04 08:48:46'),
(702, 495, 20, '2018-07-04 08:48:46'),
(703, 495, 27, '2018-07-04 08:48:46'),
(704, 496, 65, '2018-07-05 11:48:00'),
(705, 496, 84, '2018-07-05 11:48:00'),
(706, 497, 65, '2018-07-05 11:48:47'),
(707, 497, 84, '2018-07-05 11:48:47'),
(708, 498, 133, '2018-07-05 12:08:34'),
(709, 498, 27, '2018-07-05 12:08:34'),
(710, 499, 45, '2018-07-05 12:15:47'),
(711, 500, 65, '2018-07-07 05:46:46'),
(712, 500, 84, '2018-07-07 05:46:46'),
(713, 501, 123, '2018-07-07 05:47:44'),
(714, 502, 64, '2018-07-09 06:12:37'),
(715, 502, 65, '2018-07-09 06:12:37'),
(716, 502, 84, '2018-07-09 06:12:37'),
(717, 503, 61, '2018-07-09 06:13:20'),
(718, 503, 130, '2018-07-09 06:13:20'),
(719, 504, 65, '2018-07-09 07:53:04'),
(723, 524, 133, '2018-07-09 12:21:19'),
(724, 524, 27, '2018-07-09 12:21:20'),
(725, 525, 65, '2018-07-10 06:56:19'),
(726, 525, 84, '2018-07-10 06:56:19'),
(727, 526, 30, '2018-07-10 06:57:58'),
(728, 527, 133, '2018-07-10 08:10:41'),
(729, 527, 27, '2018-07-10 08:10:41'),
(730, 528, 117, '2018-07-10 09:15:11'),
(731, 529, 123, '2018-07-10 11:48:26'),
(732, 530, 133, '2018-07-11 08:22:13'),
(733, 530, 20, '2018-07-11 08:22:13'),
(734, 530, 27, '2018-07-11 08:22:13'),
(735, 531, 54, '2018-07-11 11:01:50'),
(736, 531, 55, '2018-07-11 11:01:50'),
(737, 531, 109, '2018-07-11 11:01:50'),
(738, 532, 65, '2018-07-11 21:51:49'),
(739, 532, 84, '2018-07-11 21:51:49'),
(740, 533, 133, '2018-07-12 05:40:38'),
(741, 533, 27, '2018-07-12 05:40:38'),
(742, 534, 85, '2018-07-12 09:16:24'),
(743, 534, 123, '2018-07-12 09:16:24'),
(744, 535, 48, '2018-07-12 16:19:29'),
(745, 535, 89, '2018-07-12 16:19:29'),
(746, 535, 101, '2018-07-12 16:19:30'),
(747, 536, 65, '2018-07-12 21:03:21'),
(748, 536, 84, '2018-07-12 21:03:21'),
(749, 537, 61, '2018-07-12 21:04:00'),
(750, 537, 66, '2018-07-12 21:04:01'),
(751, 537, 130, '2018-07-12 21:04:01'),
(752, 538, 132, '2018-07-12 21:07:30'),
(753, 539, 133, '2018-07-13 11:06:37'),
(754, 539, 27, '2018-07-13 11:06:37'),
(755, 540, 133, '2018-07-13 11:07:33'),
(756, 540, 19, '2018-07-13 11:07:33'),
(757, 541, 44, '2018-07-13 11:16:17'),
(758, 542, 133, '2018-07-14 09:18:47'),
(759, 542, 27, '2018-07-14 09:18:47'),
(760, 543, 133, '2018-07-15 11:19:26'),
(761, 543, 27, '2018-07-15 11:19:26'),
(762, 545, 64, '2018-07-17 09:02:41'),
(763, 545, 65, '2018-07-17 09:02:41'),
(764, 545, 103, '2018-07-17 09:02:41'),
(765, 545, 84, '2018-07-17 09:02:41'),
(766, 546, 133, '2018-07-17 09:31:22'),
(767, 546, 27, '2018-07-17 09:31:22'),
(768, 547, 133, '2018-07-17 10:02:47'),
(769, 547, 23, '2018-07-17 10:02:47'),
(770, 547, 27, '2018-07-17 10:02:48'),
(771, 547, 30, '2018-07-17 10:02:48'),
(772, 548, 47, '2018-07-17 10:58:37'),
(773, 548, 48, '2018-07-17 10:58:37'),
(774, 548, 89, '2018-07-17 10:58:37'),
(775, 548, 101, '2018-07-17 10:58:37'),
(776, 550, 43, '2018-07-17 11:53:14'),
(777, 550, 45, '2018-07-17 11:53:14'),
(778, 550, 85, '2018-07-17 11:53:14'),
(779, 551, 64, '2018-07-18 02:52:57'),
(780, 551, 65, '2018-07-18 02:52:57'),
(781, 551, 84, '2018-07-18 02:52:57'),
(782, 552, 77, '2018-07-18 02:53:56'),
(783, 552, 78, '2018-07-18 02:53:56'),
(784, 553, 19, '2018-07-18 07:11:01'),
(785, 553, 77, '2018-07-18 07:11:01'),
(786, 553, 78, '2018-07-18 07:11:01'),
(787, 554, 61, '2018-07-19 07:50:50'),
(788, 554, 130, '2018-07-19 07:50:50'),
(789, 555, 85, '2018-07-19 07:55:18'),
(790, 556, 133, '2018-07-19 08:01:07'),
(791, 556, 26, '2018-07-19 08:01:08'),
(792, 556, 122, '2018-07-19 08:01:08'),
(793, 557, 133, '2018-07-19 09:02:29'),
(794, 557, 27, '2018-07-19 09:02:29'),
(795, 558, 53, '2018-07-21 06:45:56'),
(796, 558, 54, '2018-07-21 06:45:56'),
(797, 558, 55, '2018-07-21 06:45:56'),
(798, 558, 50, '2018-07-21 06:45:56'),
(799, 558, 109, '2018-07-21 06:45:56'),
(800, 559, 27, '2018-07-21 06:53:28'),
(801, 559, 28, '2018-07-21 06:53:28'),
(802, 559, 133, '2018-07-21 06:53:28'),
(803, 560, 26, '2018-07-21 07:53:01'),
(804, 560, 133, '2018-07-21 07:53:01'),
(805, 561, 133, '2018-07-21 09:33:32'),
(806, 563, 27, '2018-07-21 11:45:08'),
(807, 563, 133, '2018-07-21 11:45:08'),
(808, 564, 42, '2018-07-21 13:20:20'),
(809, 564, 43, '2018-07-21 13:20:20'),
(810, 564, 45, '2018-07-21 13:20:20'),
(811, 564, 85, '2018-07-21 13:20:20'),
(812, 565, 53, '2018-07-21 13:22:09'),
(813, 565, 54, '2018-07-21 13:22:09'),
(814, 565, 55, '2018-07-21 13:22:09'),
(815, 565, 50, '2018-07-21 13:22:09'),
(816, 565, 135, '2018-07-21 13:22:09'),
(817, 565, 136, '2018-07-21 13:22:09'),
(818, 566, 63, '2018-07-22 07:39:30'),
(819, 566, 64, '2018-07-22 07:39:30'),
(820, 566, 65, '2018-07-22 07:39:30'),
(821, 566, 103, '2018-07-22 07:39:31'),
(822, 566, 84, '2018-07-22 07:39:31'),
(823, 566, 135, '2018-07-22 07:39:31'),
(824, 566, 136, '2018-07-22 07:39:31'),
(825, 567, 26, '2018-07-22 09:36:32'),
(826, 567, 133, '2018-07-22 09:36:32'),
(827, 568, 53, '2018-07-22 10:15:23'),
(828, 568, 54, '2018-07-22 10:15:23'),
(829, 568, 55, '2018-07-22 10:15:23'),
(830, 568, 50, '2018-07-22 10:15:23'),
(831, 568, 109, '2018-07-22 10:15:23'),
(832, 569, 137, '2018-07-22 10:18:59'),
(833, 570, 61, '2018-07-23 10:39:14'),
(834, 571, 65, '2018-07-23 10:41:00'),
(835, 571, 84, '2018-07-23 10:41:00'),
(836, 572, 31, '2018-07-23 10:42:17'),
(837, 572, 34, '2018-07-23 10:42:17'),
(838, 572, 77, '2018-07-23 10:42:17'),
(839, 572, 78, '2018-07-23 10:42:17'),
(840, 573, 27, '2018-07-24 10:27:03'),
(841, 573, 133, '2018-07-24 10:27:03'),
(842, 574, 31, '2018-07-24 11:44:27'),
(843, 574, 34, '2018-07-24 11:44:27'),
(844, 574, 77, '2018-07-24 11:44:27'),
(845, 574, 78, '2018-07-24 11:44:27'),
(846, 575, 61, '2018-07-24 14:43:51'),
(847, 575, 130, '2018-07-24 14:43:51'),
(848, 576, 65, '2018-07-24 14:44:49'),
(849, 577, 84, '2018-07-25 05:06:56'),
(850, 578, 53, '2018-07-25 05:08:26'),
(851, 578, 50, '2018-07-25 05:08:26'),
(852, 579, 65, '2018-07-25 08:32:08'),
(853, 581, 53, '2018-07-26 08:19:56'),
(854, 581, 54, '2018-07-26 08:19:56'),
(855, 581, 50, '2018-07-26 08:19:56'),
(856, 581, 109, '2018-07-26 08:19:56'),
(857, 582, 133, '2018-07-27 09:33:13'),
(858, 583, 53, '2018-07-28 05:14:15'),
(859, 583, 55, '2018-07-28 05:14:15'),
(860, 583, 109, '2018-07-28 05:14:15'),
(861, 584, 133, '2018-07-28 05:18:10'),
(862, 584, 138, '2018-07-28 05:18:10'),
(863, 586, 3, '2018-07-31 06:15:45'),
(864, 586, 133, '2018-07-31 06:15:46'),
(865, 587, 133, '2018-07-31 06:27:48'),
(866, 589, 26, '2018-07-31 08:57:54'),
(867, 589, 3, '2018-07-31 08:57:54'),
(868, 590, 65, '2018-08-03 06:45:11'),
(869, 590, 84, '2018-08-03 06:45:12'),
(870, 591, 26, '2018-08-03 06:50:34'),
(871, 591, 3, '2018-08-03 06:50:34'),
(872, 591, 133, '2018-08-03 06:50:34'),
(873, 592, 27, '2018-08-03 07:27:19'),
(874, 592, 133, '2018-08-03 07:27:19'),
(875, 593, 27, '2018-08-03 07:50:02'),
(876, 593, 133, '2018-08-03 07:50:02'),
(877, 594, 34, '2018-08-03 08:42:34'),
(878, 594, 77, '2018-08-03 08:42:34'),
(879, 594, 78, '2018-08-03 08:42:34'),
(880, 595, 42, '2018-08-03 11:36:45'),
(881, 595, 43, '2018-08-03 11:36:45'),
(882, 595, 45, '2018-08-03 11:36:45'),
(883, 595, 85, '2018-08-03 11:36:45'),
(884, 595, 123, '2018-08-03 11:36:45'),
(885, 596, 34, '2018-08-04 10:53:13'),
(886, 596, 77, '2018-08-04 10:53:13'),
(887, 596, 78, '2018-08-04 10:53:13'),
(888, 597, 34, '2018-08-04 10:54:46'),
(889, 597, 77, '2018-08-04 10:54:46'),
(890, 597, 78, '2018-08-04 10:54:46'),
(891, 598, 63, '2018-08-04 11:00:48'),
(892, 598, 64, '2018-08-04 11:00:48'),
(893, 598, 65, '2018-08-04 11:00:48'),
(894, 598, 84, '2018-08-04 11:00:48'),
(895, 599, 26, '2018-08-06 08:02:31'),
(896, 599, 133, '2018-08-06 08:02:31'),
(897, 601, 63, '2018-08-07 07:08:30'),
(898, 601, 64, '2018-08-07 07:08:30'),
(899, 602, 26, '2018-08-07 07:09:34'),
(900, 602, 133, '2018-08-07 07:09:34'),
(901, 603, 133, '2018-08-07 08:41:58'),
(902, 604, 133, '2018-08-08 05:54:23'),
(903, 605, 63, '2018-08-08 05:55:13'),
(904, 605, 64, '2018-08-08 05:55:13'),
(905, 606, 64, '2018-08-08 05:55:58'),
(906, 607, 133, '2018-08-08 08:16:02'),
(907, 607, 141, '2018-08-08 08:16:02');

-- --------------------------------------------------------

--
-- Table structure for table `tomato`
--

DROP TABLE IF EXISTS `tomato`;
CREATE TABLE `tomato` (
  `id` int(11) NOT NULL,
  `tomdate` date DEFAULT NULL,
  `tomweek` varchar(10) DEFAULT NULL,
  `count` int(5) NOT NULL DEFAULT '1',
  `category` int(11) DEFAULT NULL,
  `notes` text,
  `URL` varchar(200) DEFAULT 'URL',
  `timestamp` timestamp NOT NULL DEFAULT CURRENT_TIMESTAMP
) ENGINE=InnoDB DEFAULT CHARSET=latin1;

--
-- Dumping data for table `tomato`
--

INSERT INTO `tomato` (`id`, `tomdate`, `tomweek`, `count`, `category`, `notes`, `URL`, `timestamp`) VALUES
(1, NULL, NULL, 10, 1, 'work on tomato220 tomato 1', NULL, '2018-01-01 23:42:42'),
(11, NULL, NULL, 1, 5, 'play all my guitars', NULL, '2018-01-01 23:52:45'),
(12, NULL, NULL, 1, 5, 'play all my guitars', NULL, '2018-01-01 23:52:45'),
(13, NULL, NULL, 1, 5, 'play all my guitars', NULL, '2018-01-01 23:53:13'),
(14, NULL, NULL, 1, 5, 'play all my guitars', NULL, '2018-01-01 23:53:13'),
(15, NULL, NULL, 1, 5, 'play all my guitars', NULL, '2018-01-01 23:53:26'),
(16, NULL, NULL, 1, 1, 'Read technical description of access2online.', NULL, '2018-01-02 15:16:13'),
(17, NULL, NULL, 1, 1, 'Remake SQL so daily and weekly view access Tomato220 database', NULL, '2018-01-03 12:42:33'),
(18, NULL, NULL, 1, 1, 'Create new github for Tomato220', NULL, '2018-01-03 13:04:36'),
(19, NULL, NULL, 1, 1, 'Remake SQL so daily and weekly view access Tomato220 database', NULL, '2018-01-03 13:54:54'),
(20, NULL, NULL, 1, 1, 'Rebuild Changed Today with new database schema', NULL, '2018-01-04 11:25:18'),
(21, NULL, NULL, 1, 1, 'Rebuild Changed Today with new database schema', NULL, '2018-01-04 11:27:22'),
(22, NULL, NULL, 1, 1, 'Rebuild Changed Today with new database schema', NULL, '2018-01-04 12:11:36'),
(23, NULL, NULL, 1, 1, 'Rebuild Changed Today with new database schema', NULL, '2018-01-04 12:11:53'),
(24, NULL, NULL, 1, 1, 'Create tooltip for notes', NULL, '2018-01-04 17:53:34'),
(25, NULL, NULL, 1, 1, 'Create tooltip for notes', NULL, '2018-01-04 17:53:53'),
(26, NULL, NULL, 1, 3, 'read the nytimes definitive article on trump collusion and attempt to block book fury', NULL, '2018-01-05 08:17:38'),
(27, NULL, NULL, 1, 3, 'read comments about article on Russian collusion investigation', NULL, '2018-01-05 08:17:38'),
(28, NULL, NULL, 1, 1, 'fix today PDO because it is making larger result set. but sql query produces less', NULL, '2018-01-05 08:44:12'),
(29, NULL, NULL, 1, 1, 'fix today PDO because it is making larger result set. but sql query produces less', NULL, '2018-01-05 09:20:41'),
(30, NULL, NULL, 1, 1, 'fix today PDO because it is making larger result set. but sql query produces less', NULL, '2018-01-05 09:46:42'),
(31, NULL, NULL, 1, 3, 'fullstack cousera class 1 angular week 1', NULL, '2018-01-09 08:39:31'),
(32, NULL, NULL, 1, 3, 'fullstack cousera class 1 angular week 1', NULL, '2018-01-09 08:39:31'),
(33, NULL, NULL, 1, 1, 'Study https://code.tutsplus.com/tutorials/submit-a-form-without-page-refresh-using-jquery--net-59 how to make no refresh submit with jquery for tomato220 application', NULL, '2018-01-10 09:10:29'),
(34, NULL, NULL, 1, 3, 'create news bookmark folder read all news headlines and teasers', NULL, '2018-01-10 09:28:37'),
(35, NULL, NULL, 1, 6, 'wash clothes organize clothes into separate travel bags for cycling', NULL, '2018-01-10 10:57:52'),
(36, NULL, NULL, 1, 6, 'wash clothes organize clothes into separate travel bags for cycling', NULL, '2018-01-10 10:58:09'),
(37, NULL, NULL, 1, 6, 'read message from AltIn and understand tax percentage', NULL, '2018-01-10 11:43:43'),
(38, NULL, NULL, 1, 1, 'Create demo description for Peter with screenshot of Add page', NULL, '2018-01-10 12:35:10'),
(40, NULL, NULL, 4, 1, 'Rebuild code on Vets page to function correctly when viewed by mobile device and not make too much bottom space.', 'http://dyrehospital.com/veterinaerer/', '2018-01-10 13:59:07'),
(41, NULL, NULL, 1, 6, 'Replace broken spoke on rear wheel', NULL, '2018-01-10 14:02:51'),
(42, NULL, NULL, 1, 6, 'Replace broken spoke on rear wheel', NULL, '2018-01-10 14:03:09'),
(43, NULL, NULL, 1, 2, 'Karense For eller Fordi', 'https://www.youtube.com/watch?v=_bSBbJk0CKM&list=PL64GE56C7ILbH6pEdcSacVjwlDAUDD8NR', '2018-01-11 09:16:02'),
(44, NULL, NULL, 1, 1, 'Re enter Tomato date into seperate subcategory linked table', 'URL', '2018-01-11 09:34:31'),
(45, NULL, NULL, 1, 1, 'Create new link table link_tom_to_subcat so that subcategory can have a one to many relationship with tomato', 'URL', '2018-01-11 09:41:53'),
(46, NULL, NULL, 1, 1, 'Create new link table link_tom_to_subcat so that subcategory can have a one to many relationship with tomato', 'URL', '2018-01-11 09:41:53'),
(47, NULL, NULL, 1, 2, 'Listen and Reapeat Kapital 5 Stein Pa Stein Fra Iran', 'URL', '2018-01-11 13:12:02'),
(48, NULL, NULL, 1, 2, 'Listen and Reapeat Kapital 5 Stein Pa Stein Samiske Kultur', 'URL', '2018-01-11 13:12:02'),
(49, NULL, NULL, 1, 1, 'Enter Values for Norwegian comprehension tomatos', 'URL', '2018-01-11 09:41:53'),
(50, NULL, NULL, 1, 1, 'Create new Map Halvard Dyrehospital', 'URL', '2018-01-11 15:33:19'),
(51, NULL, NULL, 1, 1, 'Create notice at top of homepage dyrehospital halvard', 'URL', '2018-01-11 15:33:19'),
(52, NULL, NULL, 1, 1, 'Make SQL code return today value with new ', 'URL', '2018-01-12 08:29:34'),
(53, NULL, NULL, 1, 1, 'Make SQL code return today value with new ', 'URL', '2018-01-12 08:29:51'),
(54, NULL, NULL, 1, 1, 'Make SQL code return today value with new ', 'URL', '2018-01-12 09:13:36'),
(55, NULL, NULL, 1, 1, 'Build new show table function to use the new sql function for showing subcategories', 'URL', '2018-01-12 10:09:15'),
(56, NULL, NULL, 1, 1, 'build from from subcat function, dsiplay and pagemater functoins', 'URL', '2018-01-12 10:38:32'),
(57, NULL, NULL, 1, 6, 'Repalce broekn spoke rear wheel', 'URL', '2018-01-12 11:37:00'),
(58, NULL, NULL, 1, 6, 'Put hydrolic calipers on Frankenbike', 'URL', '2018-01-12 11:37:00'),
(59, NULL, NULL, 1, 2, 'Study chapter 6 words at McDonalds', 'URL', '2018-01-13 23:00:00'),
(60, NULL, NULL, 1, 2, 'Study chapter 6 words at Dispatch', 'URL', '2018-01-13 23:00:00'),
(61, NULL, NULL, 1, 2, 'Norwegian Comprehendsion', 'URL', '2018-01-11 23:00:00'),
(62, NULL, NULL, 1, 2, 'Norwegian Comprehension', 'URL', '2018-01-11 23:00:00'),
(63, NULL, NULL, 1, 1, 'Enter tomatoes from weekend', 'URL', '2018-01-15 09:05:17'),
(64, NULL, NULL, 1, 1, 'Separate creating category from creating subcategories. Try different things to build additional elements to URL string. Decided to separate into different pages. Category page uses POST but subcategory page will use Javascript push to adding multiple subcategories', 'URL', '2018-01-15 10:03:46'),
(65, NULL, NULL, 1, 1, 'Design way to separate category creation from sub category creation', 'URL', '2018-01-15 10:03:46'),
(66, NULL, NULL, 1, 2, 'Norsk teacher Karense langsomt', 'https://www.youtube.com/watch?v=aaKiFyndjIk', '2018-01-15 12:47:07'),
(67, NULL, NULL, 1, 2, 'Norsk teacher', 'https://www.youtube.com/watch?v=BHOPGQFKohg', '2018-01-15 12:47:07'),
(68, NULL, NULL, 1, 2, 'Norsk teacher Karense use of det', 'https://www.youtube.com/watch?v=VhoMVdUFlIY&t=362s', '2018-01-15 12:49:41'),
(69, NULL, NULL, 1, 2, 'Leddsetninger', 'https://www.youtube.com/watch?v=jn3h2MqBmd4', '2018-01-15 12:49:41'),
(70, NULL, NULL, 3, 3, 'Fullstack week 2 relearn components and do components 1 assignment', 'https://www.coursera.org/learn/angular/supplement/ggdNK/exercise-instructions-angular-components-part-1', '2018-01-14 23:00:00'),
(71, NULL, NULL, 2, 1, 'Halvard dyrehospital find vet images on old machine and vets page', 'http://dyrehospital.com/newvets/', '2018-01-14 23:00:00'),
(72, NULL, NULL, 1, 1, 'Build new lifebase database for non and enter tomatos from ysterday', 'URL', '2018-01-16 06:27:09'),
(73, NULL, NULL, 2, 3, 'Week 2 fullstack components 2 exercise 2 ', 'https://www.coursera.org/learn/angular/supplement/ohvG4/exercise-instructions-angular-components-part-2', '2018-01-16 06:33:39'),
(74, NULL, NULL, 3, 3, 'Do more research to understand why the <menu> thing is breaking the code. Learn about installing Angluar site from online tutorial and using Angular Material. ', 'https://codingthesmartway.com/angular-material-introduction/', '2018-01-16 08:41:52'),
(75, NULL, NULL, 2, 3, 'fix warning Angular Devkit Schamatics missing', 'https://www.npmjs.com/package/@angular-devkit/schematics', '2018-01-16 08:53:23'),
(76, NULL, NULL, 1, 6, 'Research Pro food delivery bags  deliverybags.pro', 'https://deliverybags.pro/cart/', '2018-01-16 09:52:20'),
(77, NULL, NULL, 2, 2, 'Create flash cards for kapital 5', 'URL', '2018-01-16 11:56:18'),
(78, NULL, NULL, 2, 1, 'Find images of vets and assistants for Dyrehospital and add faces to page. Confirm with Halvard and update where needed. Photoshop fixes on color and cropping.', 'URL', '2018-01-15 23:00:00'),
(79, NULL, NULL, 1, 2, 'create flash cards before class starts', 'URL', '2018-01-15 23:00:00'),
(80, NULL, NULL, 2, 1, 'add norsk tomatos and dyrehospital tomatos from yesterday and also develop lifebase tables', 'http://localhost/phpmyadmin/', '2018-01-17 08:26:52'),
(81, NULL, NULL, 4, 1, 'Alter new images and modify code structure to work on Assistants page and when there is not Assistant description. Spacing works on computer and mobile devices', 'http://dyrehospital.com/newvets/', '2018-01-17 10:26:50'),
(82, NULL, NULL, 2, 1, 'Download several test modules and install on localhost verison of Dyrehospital. Make vet text boxes uniform height so the can float: left. Install modules and test local and push live.', 'http://localhost/dyrehospital/', '2018-01-17 12:57:02'),
(83, NULL, NULL, 6, 1, 'Installed three different pop up pluggins and two different accordion pluggins in halvard wordpress site - was prompted to activate ajax in setting. maybe that is why the others did not work.', 'http://localhost/dyrehospital/public/wp-admin/post.php?post=183&action=edit', '2018-01-17 19:35:38'),
(84, NULL, NULL, 2, 1, 'Completed research on 5 pluggins (not charged for researcch) and am implementing on Halvard site (charging). Installed pop up pluggin an recreated popus from locahost', 'http://dyrehospital.com/newvets/', '2018-01-17 21:05:05'),
(85, NULL, NULL, 4, 1, 'Further work on adding vet texts and adding assistants. Completed all posted and configuring of content and css styles. Added alter bar on homepage and new google map.', 'http://dyrehospital.com/veterinaerer/', '2018-01-18 10:07:17'),
(86, NULL, NULL, 1, 6, 'Document argument of 2018 01 18 over setting a play date where kids are left alone. I said, again, that I do not want other-people''s-kids (Odin) to be here alone with no adult, for any amount of time.', '/Documents/Divorce/2018-01-18.txt', '2018-01-18 11:44:54'),
(87, NULL, NULL, 1, 6, 'Filed no business tax return in Washington State. Ended business Leif.Media. Ended eFaktura agreement with xPress.gym and by doing so ended my gym membership.', 'URL', '2018-01-18 12:22:58'),
(88, NULL, NULL, 1, 4, 'sign up for shifts and read employee notification like new 11 advance ability to cancel shifts', 'URL', '2018-01-18 14:00:50'),
(89, NULL, NULL, 1, 14, 'Apply for job at Robinapp.no', 'http://robinapp.no/karriere/', '2018-01-18 14:02:57'),
(90, NULL, NULL, 2, 3, 'make chap 6 flashcards', 'URL', '2018-01-18 14:36:10'),
(91, NULL, NULL, 1, 5, 'played my shortlist and some improv scales', 'URL', '2018-01-19 09:47:14'),
(92, NULL, NULL, 4, 3, 'work on menu component not found error', 'http://localhost:4200/', '2018-01-19 10:45:19'),
(93, NULL, NULL, 6, 3, 'work on frisor as an alternative build of coursera full stack class learn how to use npm uninstall (dependence) --save where save changed and updates the package.json file', 'http://localhost:4200/', '2018-01-20 21:42:44'),
(94, NULL, NULL, 10, 1, 'Bizware\r\nattempt to login into SSL Ftp and Task Portal. Did create test table on bizware PHPMyAdmin\r\nhttp://myadmin.lieflinder.bizwaredev.com/', 'http://myadmin.lieflinder.bizwaredev.com/', '2018-01-22 13:25:23'),
(95, NULL, NULL, 1, 20, 'Create invoice for Halvard Dyrehospital with google spreadsheet', 'https://docs.google.com/spreadsheets/d/1mNW5YVCxOeHAnPohtn52DMrnPthP4nh5guQPbcffvFA/edit#gid=790763898', '2018-01-21 23:00:00'),
(96, NULL, NULL, 2, 5, 'Play freestyle major scales and flat picking bar chords with fixed finger and alternate picking.', 'URL', '2018-01-23 11:17:07'),
(97, NULL, NULL, 1, 6, 'Buy 5 spokes and 5 nipples and 2 sets of break pads form sykkel shop on Kirkeveien.', 'URL', '2018-01-23 11:23:39'),
(98, NULL, NULL, 4, 2, 'Studied flash cards.', 'URL', '2018-01-24 09:22:31'),
(99, NULL, NULL, 1, 5, 'Played guitar while Ivo and his friends were in his room.', 'URL', '2018-01-23 09:25:46'),
(100, NULL, NULL, 1, 1, 'Build new food table in lifebase and change day to activity. Input values.', 'URL', '2018-01-24 10:15:26'),
(101, NULL, NULL, 1, 20, 'Finish Halvard bill and send hinm email and text. Give him bank number and VIPSS number.', 'URL', '2018-01-24 10:27:37'),
(102, NULL, NULL, 4, 20, 'Biling paperwork and invoice creation google spreadsheet.', 'URL', '2018-01-24 10:37:32'),
(103, NULL, NULL, 2, 1, 'Completed research on 5 pluggins (no charge for researcch) and am implemented on Halvard site. Chose best of 3 test modules. Installed pop up pluggin. Pushed to live.', 'http://dyrehospital.com/newvets/', '2018-01-17 21:05:05'),
(104, NULL, NULL, 5, 5, 'Lot of guitar playing today. Played parts of Falling Leaves song over and over working out difficult transitions. Also Melanie song. Also Train Called New Orleans. ', 'URL', '2018-01-24 21:35:38'),
(105, NULL, NULL, 4, 3, 'Continue to work on Fullstack Angular. Tryhing to fix scss problem with frisor but also have many errors with fullstack02. Will create complete new version.', 'http://localhost:4200/', '2018-01-24 22:19:53'),
(106, NULL, NULL, 4, 3, 'Continue to work on Fullstack Angular. Tryhing to fix scss problem with frisor but also have many errors with fullstack02. Will create complete new version.', 'http://localhost:4200/', '2018-01-25 22:19:53'),
(107, NULL, NULL, 4, 1, 'Use instructions to import taskmeister database and use Tortoise HG (Mercurial) to install taskmeister repository', 'https://tortoisehg.bitbucket.io/', '2018-01-25 10:40:49'),
(108, NULL, NULL, 2, 5, 'Played Taylor and Framus. Scales and strumming.', 'URL', '2018-01-26 08:54:35'),
(109, NULL, NULL, 4, 1, 'Retrieving additional repositories from bizware', 'URL', '2018-01-26 09:26:53'),
(110, NULL, NULL, 3, 14, 'Go to MESH and talk to Jose about working for his new company Robin.no', 'https://startupmatcher.com/s/robinappas', '2018-01-26 05:32:40'),
(111, NULL, NULL, 2, 2, 'Flash cards at McDonalds', 'URL', '2018-01-27 05:42:30'),
(112, NULL, NULL, 1, 2, 'Karense YouTube For vs Fordi', 'https://www.youtube.com/watch?v=_bSBbJk0CKM', '2018-01-26 23:00:00'),
(113, NULL, NULL, 1, 1, 'Enter tomatoes from previous days', 'URL', '2018-01-28 05:51:18'),
(114, NULL, NULL, 1, 6, 'Cousera Material Card components Week 1 angular', 'http://localhost:4200/', '2018-01-28 07:36:36'),
(115, NULL, NULL, 2, 2, 'Flash cards while working Sunday double shifts.', 'URL', '2018-01-27 23:00:00'),
(116, NULL, NULL, 1, 6, 'Build new component using CLI dishdetail. Build new template file with material card. Initialize dish variable', 'http://localhost:4200/', '2018-01-29 11:04:58'),
(117, NULL, NULL, 4, 2, 'Karense norsklearer videoen 270 279 268 of jule videoenu', 'URL', '2018-01-30 08:30:50'),
(118, NULL, NULL, 4, 2, 'Study words from chapter 6', 'URL', '2018-01-30 12:00:32'),
(119, NULL, NULL, 4, 1, 'Review the code of Bizware', 'http://localhost/taskmeister.bizware/web/', '2018-01-30 12:03:03'),
(120, NULL, NULL, 4, 2, 'Karense A1 A2 B1 Nouvo subjests to know about. And use of andre, annen, anne, annet.', 'https://www.youtube.com/watch?v=ll2KjXE0hW4', '2018-01-31 10:23:24'),
(121, NULL, NULL, 2, 6, 'Wash dishes organize pants wash bedding', 'URL', '2018-01-31 10:27:03'),
(122, NULL, NULL, 3, 5, 'coffee and cigareetes and red vines and cigarettes and new orleans on taylor  eastman and framus.', 'URL', '2018-01-31 16:58:57'),
(123, NULL, NULL, 8, 3, 'Keep working on assignment 1 switched to new session starts feb 5', 'http://localhost:4200', '2018-01-31 17:22:27'),
(124, NULL, NULL, 2, 2, 'Karense Norsk teacher gyft and all the veriosn of gyft noun, adjective and verb. Next video describes the difference between savne, miste, tape and mangle.', 'https://www.youtube.com/watch?v=sMDxZL8MH-o', '2018-02-01 08:59:52'),
(125, NULL, NULL, 5, 1, 'Write out notes to myself in documents study angular on creating component with CLI and how to display that component in another component (nested) or directly i the app html page. Struggle with getting the DISH constant value to display in template.', 'http://localhost:4200/', '2018-02-01 09:53:39'),
(126, NULL, NULL, 4, 1, 'Complete Bizware assignment. Create Sub accounts and delete one. Review PHP code.', 'URL', '2018-02-01 13:32:02'),
(127, NULL, NULL, 2, 6, 'Fold and put away clothes', 'URL', '2018-02-02 19:32:58'),
(128, NULL, NULL, 6, 6, 'CLean wheels in shower. Replace shift cable on bike. Organize old tires. Size Fifis bike.', 'URL', '2018-02-02 19:35:32'),
(129, NULL, NULL, 4, 1, 'Tomato220 build up input forms categories subcategories count submit and send to new subcategories.php page. Keep it simple. Turn category buttons into select list.', 'http://localhost/tomato220.com/public_html/index.php?page=addcategory', '2018-02-02 20:41:49'),
(130, NULL, NULL, 6, 6, 'CLean room vacuum organize clothes organize electronics and move stuff off of red chair.', 'URL', '2018-02-03 23:00:00'),
(131, NULL, NULL, 1, 5, 'Watch Fret Jam videos on complex scales and other video on proper hand position. Thumb in back press directly down on the finger tips and chromatic scales. Four notes per string one fret after another.', 'URL', '2018-02-03 23:00:00'),
(132, NULL, NULL, 2, 6, 'CLean room. Organize clothes. Vacuum floor and vacuum red chair.', 'URL', '2018-02-05 11:39:21'),
(133, NULL, NULL, 2, 3, 'Karense video, alt, alle, altid, helt hel helle, and Hold Pa utryker.', 'https://www.youtube.com/watch?v=O9Sk1Eln0wE', '2018-02-05 11:44:13'),
(134, NULL, NULL, 4, 1, 'Adding tomato create form to tomato220', 'http://localhost/tomato220.com/public_html', '2018-02-05 20:51:58'),
(135, NULL, NULL, 6, 1, 'Continue to create upload function and read about PDO bind parameters.', 'http://localhost/tomato220.com/public_html', '2018-02-06 08:49:51'),
(146, NULL, NULL, 10, 3, 'Complete assignment 1 for Angular class. Complete Honors assignment 1. Research for frisorfind.', 'URL', '2018-02-07 15:47:08'),
(147, NULL, NULL, 4, 2, 'Karense YouTube ''til'' eller ''for'' and ikke placement. Watchd both videos several times and repeated her words.', 'URL', '2018-02-07 15:51:14'),
(148, NULL, NULL, 4, 1, 'Review code for Bizware and attempt to get connection to database. Imported pear db file through the shell window in XAMPP interface. Install pear db (or something like that)', 'http://localhost/BIZWARE/taskmeister.bizware/includes/config.php', '2018-02-06 23:00:00'),
(149, NULL, NULL, 6, 1, 'Work on Bizware Taskmeister local version and try to make config and db files access database.', 'http://localhost/BIZWARE/taskmeister.bizware/includes/config2.php', '2018-02-08 09:17:28'),
(150, NULL, NULL, 1, 6, 'Read about probiotics and prebiotics', 'URL', '2018-02-08 10:33:32'),
(151, NULL, NULL, 1, 6, 'Learn about rhabdomyolysis crush syndrome to working out so much that the muscle cells bleed out chemicals into the blood stream. Can cause renal failure liver and kidney damage. Cycling too much. Very unhealthy.', 'https://draxe.com/rhabdomyolysis/', '2018-02-08 10:36:35'),
(152, NULL, NULL, 2, 5, 'Please Taylor 322 and learn to love it because I am not going to sell it for less than kr10000.', 'URL', '2018-02-08 12:30:04'),
(153, NULL, NULL, 3, 5, 'Please guitars. General working on songs and some finger exercises. Really thinking about keeping thumb on back of neck.', 'URL', '2018-02-09 10:40:34'),
(154, NULL, NULL, 4, 1, 'Review students work for assignment 1 angular and watch first few videos for week 2 of angular class. Two way data binding.', 'https://www.coursera.org/learn/angular/lecture/wGADh/data-binding', '2018-02-09 10:43:30'),
(155, NULL, NULL, 1, 7, 'Stretch in front of cousera video in kitchen.', 'URL', '2018-02-09 11:15:17'),
(156, NULL, NULL, 2, 6, 'Put winter tires on old mountain bike. Clean bike.', 'URL', '2018-02-09 11:17:52'),
(157, NULL, NULL, 4, 1, 'Bizware. Analyze code and make it work locally. Add sub account and delete sub accounts ussing dev or live servers.', 'URL', '2018-02-09 11:20:11'),
(158, NULL, NULL, 4, 1, 'Cousera Fullstack week 2 first assignment.', 'http://localhost:4200/', '2018-02-11 10:07:24'),
(159, NULL, NULL, 2, 2, 'Karense sfrive om, pa, i etc', 'URL', '2018-02-11 13:43:57'),
(160, NULL, NULL, 2, 2, 'Study flash cards and capital vocabulary', 'URL', '2018-02-11 13:45:36'),
(161, NULL, NULL, 2, 2, 'Karense YouTube Ikke No Problem. Do not say ikke problem in Norsk. Say den er greit.', 'https://www.youtube.com/watch?v=RWtZj5Qu5R0', '2018-02-12 23:00:00'),
(162, NULL, NULL, 4, 6, 'Clean with spray lube kr100 mountain bike. Replace front break cable and rear break cable. Photograph Diamant bike and light clean and post on Slack and Finn.', 'https://www.finn.no/bap/forsale/ad.html?finnkode=114072389&fks=114072389', '2018-02-13 09:07:21'),
(163, NULL, NULL, 2, 1, 'Add tomatoes from yesterday and create plain text file of category and subcategory. Create Sell subcategory. Access Karense videos by viewing YouTube history.', 'https://www.youtube.com/feed/history', '2018-02-14 09:13:49'),
(164, NULL, NULL, 2, 3, 'Working on week 2 angular creating services have taken notes and basics concept of MVC and MVV design patterns.', 'https://www.coursera.org/learn/angular/lecture/oUHQ8/exercise-video-angular-service-basics', '2018-02-14 13:58:59'),
(165, NULL, NULL, 5, 3, 'Followed instructions for creating basics service for dish.', 'https://www.coursera.org/learn/angular/supplement/JN8We/angular-routing-objectives-and-outcomes', '2018-02-14 03:43:16'),
(166, NULL, NULL, 6, 6, 'Thoroughly clean White bike. Put skireivebremse on Rockk and put break pads on DBS mountain bike. Tru DBS wheels and test ride.', 'URL', '2018-02-15 15:21:44'),
(167, NULL, NULL, 2, 2, 'Kerense ikke placement and ledsetninger', 'URL', '2018-02-15 15:31:54'),
(168, NULL, NULL, 8, 3, 'Work on assignment 2 angular', 'URL', '2018-02-20 23:00:00'),
(169, NULL, NULL, 3, 5, 'play simon patrick and removed strings and clean guitar', 'URL', '2018-02-20 23:00:00'),
(170, NULL, NULL, 6, 3, 'Display leaders and leader for assignment 2 angular.', 'URL', '2018-02-22 08:49:07'),
(171, NULL, NULL, 6, 3, 'Review student 2 assignment 2. Taking an incredible amount of time to review student work. Also using student code to find out why my code is not correctly showing the content of hone page.', 'URL', '2018-02-23 10:18:04'),
(172, NULL, NULL, 2, 29, 'Look at finn.no sykkel ads from cheapest to most expensive 0kr-700kr', 'URL', '2018-02-24 19:33:36'),
(173, NULL, NULL, 4, 3, 'Coursera Angular week 3 forms video. Research prototyping apps and do Honors Assignment', 'URL', '2018-02-25 08:48:04'),
(174, NULL, NULL, 2, 3, 'Create local example of angular website, FrisorFind. Document commands used in angular CLI in BuildNotes.txt', 'URL', '2018-02-26 11:14:13'),
(175, NULL, NULL, 8, 3, 'Go on and watch week 3 videos. Form validation and reactive forms.', 'URL', '2018-02-26 11:16:21'),
(176, NULL, NULL, 2, 28, 'Bike research Nakamura nitro.', 'URL', '2018-02-26 11:53:28'),
(177, NULL, NULL, 4, 3, 'Creating Login dialogue box. Last night did not put LoginComponent in providers: in login.component.ts file.', 'http://localhost:4200/home', '2018-02-27 07:59:39'),
(178, NULL, NULL, 2, 2, 'Look at lekse on osloskolen website', 'https://osloskolen.itslearning.com', '2018-02-27 13:02:24'),
(179, NULL, NULL, 2, 2, 'Karense norsk learer Ikke placement and For verses Fordi', 'URL', '2018-02-28 11:41:45'),
(180, NULL, NULL, 4, 6, 'Put clothes away. Wash clothes. Remove bedding. Vacuum room. Vacuum walls. Wipe down guitars. Vacuum kitchen. Wash dishes. ', 'URL', '2018-02-28 11:48:42'),
(181, NULL, NULL, 1, 20, 'Zelle payment from Peter Shikli. $180 to Bank of America.', 'URL', '2018-02-28 12:10:06'),
(182, NULL, NULL, 1, 11, 'Read new about Xi Jinping censored words on internet after declaring himself lifelong ruler of China Communist Party. Disagre \r\n???', 'https://www.theguardian.com/world/2018/feb/28/china-bans-the-letter-n-internet-xi-jinping-extends-power', '2018-02-28 12:55:54'),
(183, NULL, NULL, 6, 3, 'Angular Reactive Forms', 'URL', '2018-02-28 15:07:22'),
(184, NULL, NULL, 8, 3, 'Angular Reactive Forms Part 11. Angular Promis', 'URL', '2018-03-01 07:40:48'),
(185, NULL, NULL, 1, 11, 'Read about Hope Hicks 29 year old Trump communications director who said in congressional hearing that she sometimes had to tell white lies for the president. Saw video clip of Trump speaking with important Republican leaders about NRA and whatnot. Stunned by the obvious disdain of Snow(?) and others. They clearly hate him and all the self-important and ill-informed things he says.', 'URL', '2018-03-01 08:33:56'),
(186, NULL, NULL, 2, 6, 'Clean wheels on track bike and EQ bike.', 'URL', '2018-03-01 14:14:48'),
(187, NULL, NULL, 2, 3, 'Karense youtube', 'URL', '2018-03-02 07:19:58'),
(188, NULL, NULL, 2, 2, 'Karense utrykker med brukt ''av''.', 'https://www.youtube.com/watch?v=fEFYjBIiNSk', '2018-03-03 19:17:47'),
(190, NULL, NULL, 2, 1, 'Build out PHP function to return Norsk between days. Use bind parameters in PDO function.', 'http://localhost/tomato220.com/public_html/index.php', '2018-03-02 23:00:00'),
(191, '2018-03-04', NULL, 4, 2, 'Karense ikke placement. Write out ikke examples. Watch NRK japan romance and sex surrogates.', 'URL', '2018-03-04 08:21:53'),
(193, '2018-03-05', NULL, 3, 3, 'Do Promises exercise Cousera Angular Week 3', 'URL', '2018-03-05 08:30:09'),
(194, '2018-03-05', NULL, 2, 2, 'Karense ikke placement write out examples', 'URL', '2018-03-05 08:35:49'),
(195, '2018-03-05', NULL, 1, 1, 'PHP tomato220 make Norwegian over 24 hours per week turn success blue.', 'URL', '2018-03-05 08:59:18'),
(196, '2018-03-05', NULL, 4, 1, 'Angular. Git. Make five root sites that are the ConFusion site before the problems with Promises. Then give them all git repositories. ', 'URL', '2018-03-05 10:58:19'),
(197, NULL, NULL, 1, 6, 'transferred money from saving account to checking account to protect against overdraft on Amex bil.', 'URL', '2018-03-05 21:08:26'),
(198, NULL, NULL, 2, 1, 'Create norwegian per week function and display results on index page.', 'URL', '2018-03-05 21:53:24'),
(199, '2018-03-06', NULL, 2, 5, 'General guitar playing. Just having fun and getting used to playing again.', 'URL', '2018-03-06 11:34:19'),
(200, '2018-03-06', NULL, 1, 6, 'Basic clean room pickup up clothes and things.', 'URL', '2018-03-06 11:37:27'),
(201, '2018-03-07', NULL, 4, 3, 'Create 4 fullstack sites all with functioning conFusion site prem posmises. Start promises assignment on FoodCaptains site.', 'URL', '2018-03-06 13:18:48'),
(202, '2018-03-06', NULL, 2, 2, 'Do homework for class', 'URL', '2018-03-05 23:00:00'),
(203, '2018-03-07', NULL, 4, 3, 'Follow instructions on promises part 1 exercise. Use FoodCaptains.', 'URL', '2018-03-07 09:12:22'),
(204, '2018-03-06', NULL, 2, 2, 'Do homework before class', 'URL', '2018-03-06 09:16:14'),
(206, '2018-03-07', NULL, 1, 1, 'Review new projects for BizWare and select project.', 'URL', '2018-03-07 09:33:13'),
(207, '2018-03-08', NULL, 4, 2, 'lag flashkort', 'URL', '2018-03-08 11:47:32'),
(208, '2018-03-08', NULL, 4, 2, 'Karense videone som ordstilling ikke og forskeligen mye ellor menge.', 'URL', '2018-03-08 11:51:10'),
(209, '2018-03-08', NULL, 4, 2, 'les en historie om en epletre sdien 84 teksbok', 'URL', '2018-03-08 11:54:34'),
(210, '2018-03-08', NULL, 3, 3, 'Coursera angular week 2 promises part 1.', 'URL', '2018-03-08 13:33:17'),
(211, '2018-03-10', NULL, 4, 6, 'Look at cool bikes on finn.no', 'URL', '2018-03-09 07:19:37'),
(212, '2018-03-09', NULL, 4, 3, 'Watch and begin exercise Cousera Angular Week 3 Promises Part 2 with delay', 'URL', '2018-03-09 10:21:35'),
(213, '2018-03-11', NULL, 4, 1, 'Review requirements for project #65443 in Bizware and create new user Erik ', 'URL', '2018-03-11 11:30:00'),
(214, '2018-03-11', NULL, 4, 3, 'Try the first exercise for RXJS. Not working cannot recognize the then property', 'https://www.coursera.org/learn/angular/supplement/yVvKW/exercise-instructions-angular-and-rxjs-part-1', '2018-03-11 14:16:28'),
(215, '2018-03-13', NULL, 2, 3, 'Rewatch all RxJS videos Angular Cousera Week 3', 'URL', '2018-03-13 07:58:57'),
(216, '2018-03-14', NULL, 4, 6, 'Bike storage room. Arrange wheels and separate wheels to sell and wheels to cast out. Try different seats, stems and handlebars on mountain bike. Realize that front fork is missing brace for disk break. ', 'URL', '2018-03-13 12:38:46'),
(217, '2018-03-13', NULL, 4, 1, 'Work on second assignment from Bizware. Trying to create new account. Insanely hard to figure out how to create an account (not user, not sub account)', 'URL', '2018-03-12 23:00:00'),
(218, '2018-03-15', NULL, 2, 3, 'RxJS Part 2 Coursera Angular week 3', 'URL', '2018-03-15 13:07:48'),
(219, '2018-03-14', NULL, 6, 1, 'Make local version of Bizware work. Not quit successful yet. Need to download other database.', 'http://localhost/BIZWARE/etaskboard.bizware/web/', '2018-03-14 13:15:18'),
(220, '2018-03-15', NULL, 2, 6, 'Removed and wash wheels for Union bike. Prepare to replace spoke on rear wheel.', 'URL', '2018-03-15 13:17:53'),
(221, '2018-03-16', NULL, 2, 2, 'YouTube Karense verb i sekund. Norsk uttryker fra Poslk YouTuber.', 'URL', '2018-03-16 07:11:50'),
(222, '2018-03-16', NULL, 8, 1, 'Spent several hours reworking config files trying to get bizware site working. Then decided to install Ubuntu on my Norwregian Lenovo. Install successful and LAMP stack mostly done. Will use Mercurial turtle app to retrieve files and try again on Ubuntu.', 'URL', '2018-03-16 20:32:23'),
(223, '2018-03-16', NULL, 3, 6, 'Clean room and vaccuum', 'URL', '2018-03-16 20:35:12'),
(224, '2018-03-18', NULL, 4, 3, 'make RxJs Part 1 changes to BikeCaptain and EccoWar.', 'URL', '2018-03-18 08:35:31'),
(225, '2018-03-18', NULL, 4, 3, 'try RxJS part 2 but have problems', 'URL', '2018-03-18 12:20:17'),
(226, '2018-03-18', NULL, 4, 1, 'Install LAMP on Norsk Lenovo. Attempt to create virtual path to taskmeister.bizware.dev.com on local machine. (By entering domain in URL go straight to local website and do not use localhost in domain path). But it said site not found. Need to use machine IP address in something but not sure what.', 'http://taskmeister.bizware.dev.com/', '2018-03-17 23:00:00'),
(227, '2018-03-19', NULL, 2, 2, 'Karense YouTube Ikke Placement and us of Av.', 'URL', '2018-03-19 09:55:36'),
(230, '2018-03-19', NULL, 2, 8, 'Food Captains concept and texts', 'URL', '2018-03-19 13:00:28'),
(263, '2018-03-19', NULL, 4, 1, 'Try again understand Bizware assignment 2. Installed new bizware root folder -- BUT have decided to resign.', 'URL', '2018-03-20 09:15:32'),
(270, '2018-03-19', NULL, 4, 1, 'PHP classes code out use of session to store new tomato information use database and retrieve new tom id to crate a list of keywords associated with the category id of the new tomato id.', 'URL', '2018-03-20 10:49:34'),
(338, '2018-03-21', NULL, 12, 1, 'Spent all day making Tomato220 upload values to database. No problems everything works fine. Next have to make keywords upload. And then be able to edit tomato.', 'URL', '2018-03-21 15:12:54'),
(347, '2018-03-22', NULL, 6, 1, 'Tomato220 build keyword upload functionality.', 'http://localhost/tomato220.com/public_html/index.php?page=tomatoshow', '2018-03-23 08:16:26'),
(357, '2018-03-23', NULL, 1, 1, 'text', 'http://www.something.com', '2018-03-23 11:39:57'),
(358, '2018-03-23', NULL, 1, 1, 'text', 'http://www.something.com', '2018-03-23 11:57:24'),
(359, '2018-03-23', NULL, 6, 1, 'Made the add keywords system work. No extras or editing ability yet.', 'http://localhost/tomato220.com/public_html/index.php', '2018-03-23 15:18:12'),
(360, '2018-03-23', NULL, 2, 6, 'Clean room and put clothes away. Also clean walls with wet rag.', '', '2018-03-23 15:21:01'),
(361, '2018-03-24', NULL, 8, 3, 'Cousera Fullstack week 3 RxJS 2 assignment', 'https://www.coursera.org/learn/angular/lecture/vtTC2/exercise-video-angular-and-rxjs-part-2', '2018-03-24 10:14:37'),
(362, '2018-03-27', NULL, 2, 1, 'Develop lifebase database and created new tables for lists with corresponding link tables that provide relation relationship to original node instance.', 'URL', '2018-03-27 07:32:36'),
(363, '2018-03-27', NULL, 4, 3, 'Coursera Angualr RxJS assignment 3.', 'URL', '2018-03-27 06:08:39'),
(364, '2018-03-28', NULL, 1, 9, 'Use InkScape to try to design simple logo and homepage for frisor find. Became super frustrated to went to ebay and bought a fake CS2 Illustrator from Greece for $20. Hope it works.', 'URL', '2018-03-28 10:11:23'),
(365, '2018-03-29', NULL, 4, 2, 'Download Karense videos. Use command line youtube-dl.exe https://www.youtube.com/watch?v=yvEWNlcefAw\r\nand VLC to convert MP4 to MP3. Put on mobile phone Moto but first had to reformat SD card as removable so it was visible on Windows machine. (Set USB preference to Media Type). Downloaded Karense videos and extract MP3 and put in SD card on phone. ', 'URL', '2018-03-28 22:00:00'),
(366, '2018-03-30', NULL, 2, 5, 'Play guitar and make videos', 'URL', '2018-03-28 22:00:00'),
(367, '2018-03-29', NULL, 2, 2, 'Karense A2 to B1 examples of writing themes.', 'URL', '2018-03-28 22:00:00'),
(368, '2018-03-29', NULL, 8, 7, 'Hike up the Bogstad mountain ', 'URL', '2018-03-28 22:00:00'),
(369, '2018-03-30', NULL, 2, 5, 'practice song cedar top and practice scales.', 'URL', '2018-03-30 07:48:37'),
(370, '2018-03-30', NULL, 1, 6, 'Respond to jurry summons and go online and explain that I will not return to US until June 2018.', 'URL', '2018-03-30 08:09:58'),
(371, '2018-04-01', NULL, 3, 3, 'reactive forms part 3', 'http://www.something.com', '2018-04-01 09:59:36'),
(372, '2018-04-02', NULL, 1, 1, 'Replicate Fullstack2/class02 Reactive Forms Part 3 to Eccowar, BikeCaptain, FoodCaptains, FrisorFind, ', 'URL', '2018-04-02 09:27:19'),
(373, '2018-04-02', NULL, 8, 3, 'Work on Assignment 3: Angular Forms and Reactive Programming.', 'URL', '2018-04-02 10:05:11'),
(374, '2018-04-02', NULL, 3, 5, 'Practice single segments of Cedar-top over and over. Emphasis on going slow but in time with foot tap. Emerson guitar.', 'URL', '2018-04-02 11:10:08'),
(375, '2018-04-03', NULL, 8, 3, 'Week 3 final assignment', 'URL', '2018-04-03 16:07:59'),
(376, '2018-04-03', NULL, 2, 2, 'Karense listened on mountain to ski jump and on train back.', 'URL', '2018-04-03 16:10:35'),
(377, '2018-04-04', NULL, 8, 3, 'Angular week 3 final assignment. Am able to push comment to comments object but have not been able to make material slider appear and not sure where to inject date.', 'URL', '2018-04-04 06:53:41'),
(378, '2018-04-05', NULL, 8, 3, 'Start Angular Week 4 install json-server and open db.json with json-server --watch db.json', 'http://localhost:3000/', '2018-04-05 08:29:16'),
(379, '2018-04-06', NULL, 2, 2, 'Karense videorer 316, 317, 318', 'URL', '2018-04-06 07:58:57'),
(380, '2018-04-06', NULL, 3, 6, 'Put clothes away wash clothes clear top of red chair vacuum room', 'URL', '2018-04-06 08:05:02'),
(381, '2018-04-06', NULL, 1, 5, 'Practice sections of Cedar Top.', 'URL', '2018-04-06 08:09:00'),
(382, '2018-04-06', NULL, 1, 6, 'Activate Bank of America card dial 00 first to get out of country.', 'URL', '2018-04-06 08:45:14'),
(383, '2018-04-07', NULL, 2, 3, 'Coursera Http client exercise', 'URL', '2018-04-06 22:00:00'),
(384, '2018-04-08', NULL, 2, 3, 'Angular HTTP week 4', 'URL', '2018-04-07 22:00:00'),
(385, '2018-04-09', NULL, 8, 3, 'Angular HTTP week 4', 'URL', '2018-04-08 22:00:00'),
(386, '2018-04-10', NULL, 12, 3, 'Coursera Angular REST ngx-restangluar Ng2-Restangular 3rd party module for using restful content. Week 4.', 'URL', '2018-04-10 06:45:28'),
(387, '2018-04-10', NULL, 1, 3, 'MSNBC FBI raid on Cohen (Trumps attorney) apartment. Documents on Stormy Daniels $130,000 hush money and violations of election finance laws and money laundering.', 'https://www.youtube.com/results?search_query=msnbc', '2018-04-10 09:30:52'),
(388, '2018-04-10', NULL, 1, 1, 'Practice segments of Cedar Top and started learning Wake Me Up by AVICCI.', 'https://tabs.ultimate-guitar.com/tab/avicii/wake_me_up_chords_1397339', '2018-04-10 09:33:55'),
(389, '2018-04-10', NULL, 1, 9, 'Begin working on Linder Creative website.', 'URL', '2018-04-09 22:00:00'),
(390, '2018-04-11', NULL, 1, 18, 'Help Fifi with homework before school.', 'URL', '2018-04-11 09:35:24'),
(391, '2018-04-11', NULL, 2, 6, 'Put clothes away. Clear top of red stuffed chair. Vacuum room. Wash dishes.', 'URL', '2018-04-11 09:38:09'),
(392, '2018-04-11', NULL, 4, 3, 'Cousera Fullstack. Back to basics to discover why @import dish: Dish; (which pulls value from other template, breaks site when removed. Should just use dish as an observable. Re watch earlier week videos and build out FoodCaptains site to recreate where error happened.', 'URL', '2018-04-10 22:00:00'),
(393, '2018-04-11', NULL, 4, 9, 'Create logo and computer screen design for RainbowPaints.net. ', 'URL', '2018-04-10 22:00:00'),
(394, '2018-04-11', NULL, 1, 6, 'Get 2017 Norwegian tax data to Kristin.', 'URL', '2018-04-10 22:00:00'),
(395, '2018-04-11', NULL, 1, 14, 'Seattle Job Search with keyword PHP', 'URL', '2018-04-10 22:00:00'),
(396, '2018-04-12', NULL, 1, 6, 'TaxAct website do taxes for US.', 'https://www.taxact.com/auth/?', '2018-04-11 22:00:00'),
(397, '2018-04-12', NULL, 4, 9, 'Design RainbowPaints website computer screen view and gather images from Google.', 'URL', '2018-04-11 22:00:00'),
(398, '2018-04-13', NULL, 4, 2, 'Karense videoer. Av, Ikke placement, Klage meldinger, B1 skriftlig, Alt er i orden. ', 'URL', '2018-04-12 22:00:00'),
(399, '2018-04-13', NULL, 2, 9, 'Work on RainbowPaints computer screen homepage.', 'URL', '2018-04-13 11:07:16'),
(400, '2018-04-13', NULL, 4, 1, 'Create Todo database table in LinderCreative database and create class to shows todo values in Tomoato220 local website', 'http://localhost/tomato220.com/public_html/todo.php', '2018-04-13 14:18:07'),
(401, '2018-04-16', '2018-W16', 4, 1, 'Create week form and create upload function to store week value in its own table.', 'URL', '2018-04-16 10:43:53'),
(402, '2018-04-16', '2018-W16', 5, 1, 'Build class and functions to show categories with their associated keywords', 'URL', '2018-04-16 15:36:04'),
(403, '2018-04-17', '2018-W16', 8, 1, 'Tomato220 many keyword to category relationship functions', '', '2018-04-17 18:54:41'),
(404, '2018-04-18', '2018-W16', 2, 3, 'Component Property Binding with @Input() in Angular 2', 'https://developer.telerik.com/topics/web-development/component-property-binding-input-angular-2/', '2018-04-18 16:15:18'),
(405, '2018-04-18', '2018-W16', 1, 1, 'Relearn how to install Angular site from command line', 'http://www.something.com', '2018-04-18 17:24:26'),
(406, '2018-04-20', '2018-W16', 4, 9, 'Design Arctic Discovery', 'http://www.something.com', '2018-04-19 22:35:36'),
(407, '2018-04-20', '2018-W16', 1, 5, 'Play guitar made up new piece I will call "Clocks"', '', '2018-04-20 11:44:44'),
(408, '2018-04-20', '2018-W16', 4, 14, 'Create new gmail leifcodes@gmail.com rebuild resume for USA  and apply for software engineer job on startwire.', 'https://www.startwire.com', '2018-04-20 12:23:17'),
(409, '2018-04-21', '2018-W16', 4, 1, 'LoginPDO', 'http://www.something.com', '2018-04-21 01:27:49'),
(410, '2018-04-22', '2018-W16', 4, 1, 'Tomato220 use bootsrap template Checkout', 'http://www.something.com', '2018-04-22 00:15:35'),
(411, '2018-04-22', '2018-W16', 2, 9, 'Design button-like tomatoes', '', '2018-04-22 14:47:47'),
(412, '2018-04-22', '2018-W16', 2, 1, 'Remove pomolife and mann-apps and remove keyword to category links. Create keywords links to the design category.', '', '2018-04-22 15:37:26'),
(413, '2018-04-22', '2018-W16', 1, 5, 'Play guitar segments.', '', '2018-04-22 15:42:44'),
(414, '2018-04-23', '2018-W16', 1, 2, 'Karense ikke bruke ''bra'' med altid', '', '2018-04-23 13:33:36'),
(415, '2018-04-23', '2018-W16', 1, 1, 'Associate keywords to norsk category', '', '2018-04-23 15:54:23'),
(416, '2018-04-23', '2018-W16', 3, 14, 'Apply for jobs through Terra Temps website', 'https://www.terrastaffinggroup.com/myaccount/jobs/', '2018-04-23 17:09:48'),
(417, '2018-04-23', '2018-W16', 1, 14, 'Terra Temps interview', '', '2018-04-23 17:42:11'),
(418, '2018-04-23', '2018-W16', 2, 14, 'Apply to 24Seven Tech Temp Seattle', 'https://www.24seventalent.com/en-us/sign-up/', '2018-04-23 19:28:34'),
(419, '2018-04-23', '2018-W16', 1, 14, 'Change education and training part of my resume', '', '2018-04-23 19:57:12'),
(420, '2018-04-24', '2018-W16', 2, 14, 'Applied for seven jobs on 24Seven website', 'https://www.24seventalent.com/en-us/', '2018-04-23 22:39:19'),
(421, '2018-04-24', '2018-W16', 1, 14, 'Apply fro Bryant Christie Inc. (BCI) job and change Employer table in MyReligion database', '', '2018-04-23 23:18:01'),
(422, '2018-04-24', '2018-W16', 1, 9, 'Design Tomato220', '', '2018-04-25 12:21:31'),
(423, '2018-04-25', '2018-W16', 2, 3, 'Learn about .net', 'https://docs.microsoft.com/en-us/dotnet/standard/tour', '2018-04-25 14:28:55'),
(424, '2018-04-26', '2018-W16', 3, 14, 'Apply for jobs mostly Robert Half job listings', 'https://www.roberthalf.com/job/seattle-wa', '2018-04-26 04:50:36'),
(425, '2018-04-30', '2018-W16', 8, 9, 'Design Leif Media and create Angular website in Sites directory', '', '2018-04-30 00:46:46'),
(426, '2018-05-06', '2018-W16', 2, 9, 'Look at DeFant Retro fonts and download. Working on Linder Creative', '', '2018-05-06 20:15:50'),
(430, '2018-05-07', '2018-W16', 2, 3, 'Angular Cousera', '', '2018-05-07 16:55:09'),
(433, '2018-05-08', '2018-W16', 1, 2, 'Karense difference between starte and begynte', '', '2018-05-08 18:41:21'),
(434, '2018-05-08', '2018-W16', 2, 9, 'Design Linder Creative', '', '2018-05-08 18:42:12'),
(435, '2018-05-14', '2018-W16', 4, 3, 'Cousera Angular review all text instructions', '', '2018-05-14 17:43:15'),
(436, '2018-05-16', '2018-W16', 4, 1, 'Make the category name work on Setup page', '', '2018-05-16 17:44:31'),
(437, '2018-05-16', '2018-W16', 1, 14, 'Gathered temp service names and addresses Seattle', '', '2018-05-16 17:46:22'),
(438, '2018-06-13', '2018-W16', 6, 3, 'Cousera Angular Week 4 Animations', '', '2018-06-13 08:46:11'),
(439, '2018-06-13', '2018-W16', 0, 1, ' Will compare keywords table with keywords text file', 'http://localhost/tomato220.com', '2018-06-13 09:28:21'),
(440, '2018-06-14', '2018-W16', 8, 1, 'Create view in setup page to show all keywords and associated categories', '', '2018-06-14 09:31:53'),
(441, '2018-06-16', '2018-W16', 2, 3, 'animations 2 coursera angular fullstack', '', '2018-06-16 19:45:36'),
(442, '2018-06-17', '2018-W16', 2, 3, 'animations 2 coursera angular fullstack', '', '2018-06-16 19:45:36'),
(443, '2018-06-18', '2018-W16', 5, 3, 'Animations InOut Angular Fullstack Cousera week 4', '', '2018-06-18 06:57:29'),
(444, '2018-06-19', '2018-W16', 8, 3, 'Start again on week 4 assignment angular fullstack coursera - just completed animations 2 assignment', 'http://localhost:4200/', '2018-06-19 13:35:00'),
(445, '2018-06-19', '2018-W16', 2, 3, 'Deployment with Webkit assignment', 'http://localhost:4200/', '2018-06-19 13:35:00'),
(446, '2018-06-20', '2018-W16', 7, 3, ' Continue working on Angular week 4 final assignment rebuilding dishdetail.component.ts using video and other peoples work', 'http://localhost:4200/dishdetail/3', '2018-06-20 06:34:51'),
(447, '2018-06-20', '2018-W16', 1, 5, 'morning guitar with coffee practice simple phrases', '', '2018-06-20 06:36:05'),
(448, '2018-06-21', '2018-W16', 1, 2, 'seg selv oss selv deg selv meg selv karaense', '', '2018-06-21 07:45:45'),
(449, '2018-06-21', '2018-W16', 5, 6, 'wash dishes vacuum floors', '', '2018-06-21 07:49:37'),
(450, '2018-06-21', '2018-W16', 1, 1, 'link categories and keywords for the task category (6) for tomato220', '', '2018-06-21 08:02:36'),
(451, '2018-06-21', '2018-W16', 2, 3, 'Final assignment week 4 angular Coursera Fullstack', '', '2018-06-21 11:28:02'),
(452, '2018-06-22', '2018-W16', 10, 3, 'Completing first requirement of Angular Final Assignment Week 4', '', '2018-06-22 06:17:09'),
(453, '2018-06-22', '2018-W25', 4, 2, 'Karense IKKE placement and use of SOM ', 'URL', '2018-06-23 05:47:42'),
(454, '2018-06-22', '2018-W25', 1, 6, 'Clean wheels on grevling', 'URL', '2018-06-23 06:19:45'),
(455, '2018-06-23', '2018-W16', 1, 1, 'add keywords to categories', '', '2018-06-23 06:45:10'),
(456, '2018-06-23', '2018-W16', 8, 3, 'Angular week 4 final assignment making contact form submission retain data', '', '2018-06-23 06:55:39'),
(457, '2018-06-23', '2018-W16', 1, 6, 'research shimano bike parts and sent some messages on finn.no', '', '2018-06-23 07:48:00'),
(458, '2018-06-24', '2018-W16', 6, 5, 'Guitar play guitar change strings on framus and video record my current songs', '', '2018-06-25 08:21:52'),
(459, '2018-06-24', '2018-W16', 4, 6, 'Build grevling bike', '', '2018-06-25 09:24:33'),
(460, '2018-06-25', '2018-W16', 1, 6, 'Pay $200 to Amex on $6800 bill.', '', '2018-06-25 09:50:45'),
(461, '2018-06-25', '2018-W16', 1, 14, 'job search Manpower norway', 'https://recruit.manpower.no/en/profil-cv', '2018-06-25 10:56:36'),
(462, '2018-06-25', '2018-W16', 3, 3, 'Do student review for final assignment coursera angular fullstack', '', '2018-06-25 12:15:00'),
(463, '2018-06-26', '2018-W16', 1, 6, 'Clean kitchen wash dishes wipe down sink counter', '', '2018-06-26 07:33:47'),
(464, '2018-06-26', '2018-W16', 1, 5, 'Morning guitar. General playing but also emphasis on new and difficult chord forms and keeping thumb on back of neck. Up and down picking instead of just down. Flamenco finger strumming.', '', '2018-06-26 07:36:43'),
(465, '2018-06-26', '2018-W16', 1, 3, 'Ad completed Angular class to linkin certificates sections and watch more Multiplatform video.', '', '2018-06-26 07:56:26'),
(466, '2018-06-27', '2018-W16', 4, 2, 'Karense Norsk Teacher videos ''da'', ''til eller for'', ''ledsetningen'', ''av''.', '', '2018-06-27 08:33:32'),
(467, '2018-06-27', '2018-W16', 1, 6, 'Norway research change of address with UDI and try to log into Helsfyr Skolen', '', '2018-06-27 08:52:38'),
(468, '2018-06-27', '2018-W16', 2, 6, 'Clean kitchen wipe down sink and tables and fireplace, wipe down coffee machine and vacuum kitchen floor.', '', '2018-06-27 09:51:40'),
(469, '2018-06-26', '2018-W16', 4, 6, 'Wash DBS mountain bike and scrub wheels in sink through away tires dry all outside.', '', '2018-06-26 10:06:35'),
(470, '2018-06-27', '2018-W16', 4, 6, 'Clean wheels on Gecko and put on new race tires. Remove cranks and check if different cranks will fit. Remove SPD pedals. Completely lube and adjust DBS mountain bike and do test ride. Remove rear derailleur on Hybrid and remove the chain and broken derailleur hanger.', '', '2018-06-27 10:11:32'),
(471, '2018-06-27', '2018-W16', 2, 6, 'Clean my room and make space for new dresser from antique store on Marksveien', '', '2018-06-27 10:13:46'),
(472, '2018-06-28', '2018-W16', 2, 2, 'Norsk grammar V2 rule in Norwegian is different than English.', 'http://www.learn-norwegian.net/tutorial/6/04intherightorder.htm', '2018-06-28 08:03:59'),
(473, '2018-06-28', '2018-W16', 1, 2, 'YouTube Research for Norsk nyheter', '', '2018-06-28 10:40:03'),
(474, '2018-06-28', '2018-W16', 2, 2, 'Listen to pa vei videos and other stuff on YouTube', '', '2018-06-28 10:40:47'),
(475, '2018-06-30', '2018-W16', 8, 9, 'Work on tomato220 stuff. Sketch out page ideas with illustrator.', '', '2018-06-30 09:13:40'),
(476, '2018-06-30', '2018-W16', 2, 6, 'Wash dishes clean kitchen a little', '', '2018-06-30 13:33:40'),
(477, '2018-06-30', '2018-W16', 2, 6, 'Look at every bike and bike part on finn', '', '2018-06-30 13:34:39'),
(478, '2018-07-01', '2018-W16', 8, 1, 'Update linode to ubuntu 18. install NPM Angular and Angular CLI on linode server. was not completely successful. debugging and decided to upgrade ubuntu.', '', '2018-07-01 14:33:08'),
(479, '2018-07-01', '2018-W16', 2, 2, 'Listen a little to Karense and wrote down adverbs used in ledsetninger and also started on my 500 verbs learning', '', '2018-07-01 14:34:53'),
(480, '2018-07-02', '2018-W16', 4, 5, 'Guitar general made a couple of cool and relaxed strummy riffs and recorded', '', '2018-07-02 07:17:22'),
(481, '2018-07-02', '2018-W16', 2, 7, 'Stomach muscles breathing stretching and straight punches', '', '2018-07-02 08:38:54'),
(482, '2018-07-02', '2018-W16', 1, 1, 'Associate keywords with workout category. Clean up tables deleted multiple cat_to_keywords associations.', '', '2018-07-02 09:04:53'),
(483, '2018-07-03', '2018-W16', 1, 5, 'Boat on a black sea', '', '2018-07-03 06:46:02'),
(484, '2018-07-03', '2018-W16', 1, 14, 'HackerX event and review my resume and website. Causes me a lot of stress and mental pain anxiety.', '', '2018-07-03 06:47:49'),
(485, '2018-07-03', '2018-W27', 4, 1, 'Build out week capacity and work on creating week view for norwegian (favorite 1)', '', '2018-07-03 08:50:39'),
(493, '2018-07-04', '2018-W26', 1, 5, 'Played guitar some. Boat on a black sea', '', '2018-07-04 07:53:21'),
(495, '2018-07-04', '2018-W27', 1, 1, 'Make default week be this week instead of save week in database.', '', '2018-07-04 08:47:54'),
(496, '2018-07-05', '2018-W27', 3, 2, 'hr p karense', '', '2018-07-05 11:47:48'),
(497, '2018-07-03', '2018-W27', 2, 2, 'Karense', '', '2018-07-05 11:48:32'),
(498, '2018-07-05', '2018-W27', 10, 1, 'PHP code Tomato220 build out keywords with bootstrap accordian', '', '2018-07-05 12:08:16'),
(499, '2018-07-05', '2018-W27', 1, 6, 'Wash dishes', '', '2018-07-05 12:15:21'),
(500, '2018-07-06', '2018-W27', 4, 2, 'Karense', '', '2018-07-07 05:46:29'),
(501, '2018-07-06', '2018-W27', 1, 6, 'Vacuum', '', '2018-07-07 05:47:29'),
(502, '2018-07-08', '2018-W27', 4, 2, 'Karense', '', '2018-07-09 06:12:18'),
(503, '2018-07-08', '2018-W28', 2, 2, '500 verbs ', '', '2018-07-09 06:13:03'),
(504, '2018-07-08', '2018-W28', 1, 2, 'Download and convert Norsk videos', '', '2018-07-09 07:52:43'),
(524, '2018-07-09', '2018-W28', 16, 1, 'Week number taken from Tomato Date field. And make keyword-to-category page work at updated associations.', '', '2018-07-09 12:20:54'),
(525, '2018-07-09', '2018-W28', 2, 2, 'Karense B1 skriftlig', '', '2018-07-10 06:55:56');
INSERT INTO `tomato` (`id`, `tomdate`, `tomweek`, `count`, `category`, `notes`, `URL`, `timestamp`) VALUES
(526, '2018-07-10', '2018-W28', 1, 3, 'Read intro to Javascript book', '', '2018-07-10 06:57:44'),
(527, '2018-07-10', '2018-W28', 3, 1, 'Create upload to add categories to keywords', '', '2018-07-10 08:09:24'),
(528, '2018-07-10', '2018-W28', 1, 6, 'Find computer for Ivo', '', '2018-07-10 09:14:38'),
(529, '2018-07-10', '2018-W28', 1, 6, 'vacuum living room ivos room and kitchen', '', '2018-07-10 11:47:36'),
(530, '2018-07-11', '2018-W28', 12, 1, 'Create function to first delete and then populate keyword to category associations', '', '2018-07-11 08:21:43'),
(531, '2018-07-11', '2018-W28', 1, 5, 'General guitar playing', '', '2018-07-11 11:01:30'),
(532, '2018-07-11', '2018-W28', 4, 2, 'karense and norsk utrykk', '', '2018-07-11 21:51:36'),
(533, '2018-07-12', '2018-W28', 6, 1, 'continue to work on keyword to category association', '', '2018-07-12 05:39:37'),
(534, '2018-07-12', '2018-W28', 4, 6, 'Clean kitchen wash dishes vacuum kitchen and hallway wipe down walls pick up some clothes in my room wipe microwave and refrigerator', '', '2018-07-12 09:16:05'),
(535, '2018-07-12', '2018-W28', 1, 6, 'Do my taxes 1040 form and address and mail envelope', '', '2018-07-12 16:19:10'),
(536, '2018-07-12', '2018-W28', 4, 2, 'Karense ikke som i fir og flamme like swear words', '', '2018-07-12 21:03:01'),
(537, '2018-07-12', '2018-W28', 2, 2, 'Create flash cards of 500 verbs', '', '2018-07-12 21:03:44'),
(538, '2018-07-12', '2018-W28', 2, 2, 'Read Primus', '', '2018-07-12 21:04:19'),
(539, '2018-07-13', '2018-W28', 6, 1, 'Attempt to fix problem in Set Up where many of the category links cannot open accordion. Was able to fix by completely recreating instance of keyword in database and re-associating it with categories. Not sure why this works. Possible accordion is not using a unique value in div id, as in the keyword is a duplication - but deleted all duplicates in keywords and keyword-to-category links table.', '', '2018-07-13 11:05:59'),
(540, '2018-07-13', '2018-W28', 1, 1, 'Clean up dead files and upload to github', '', '2018-07-13 11:07:16'),
(541, '2018-07-13', '2018-W28', 3, 6, 'Change inner tube and change handlebars on Gekko. True wheels and clean gears.', '', '2018-07-13 11:16:01'),
(542, '2018-07-14', '2018-W28', 8, 1, 'Trying to make keyword assignment accordion work - incredible waste of time', '', '2018-07-14 09:18:22'),
(543, '2018-07-15', '2018-W28', 5, 1, 'Make keywords function upload and make navigation underline link to current page', '', '2018-07-15 11:19:07'),
(544, '2018-07-15', '2018-W28', 2, 6, 'Clean kitchen wash dishes clean coffee table and wipe some spots on floor', '', '2018-07-15 14:15:49'),
(545, '2018-07-17', '2018-W29', 4, 2, 'Karense and NRK Svensk Spion', '', '2018-07-17 09:02:21'),
(546, '2018-07-17', '2018-W29', 1, 1, 'Fix non working accordion by fixing link paths to jquery and styles', '', '2018-07-17 09:31:06'),
(547, '2018-07-17', '2018-W29', 1, 1, 'Research accordion expand one at a time and also read about Javascript W3Schools certification', '', '2018-07-17 10:02:17'),
(548, '2018-07-17', '2018-W29', 2, 6, 'Did scary stuff look at Norsk tax and pay Amex and Citibank credit cards and start to register with NAV', '', '2018-07-17 10:58:14'),
(549, '2018-07-17', '2018-W29', 1, 12, 'Bike shoe research. Not playing. Necessary.', '', '2018-07-17 11:24:27'),
(550, '2018-07-17', '2018-W29', 1, 6, 'clean kitchen wash dishes microwave hang up clothes', '', '2018-07-17 11:52:41'),
(551, '2018-07-17', '2018-W29', 8, 2, 'Karense', '', '2018-07-18 02:52:43'),
(552, '2018-07-17', '2018-W29', 5, 3, 'Fullstack Ionic ', '', '2018-07-18 02:53:45'),
(553, '2018-07-18', '2018-W29', 4, 3, 'Ionic download and git configuration with BitBucket', '', '2018-07-18 07:10:32'),
(554, '2018-07-18', '2018-W29', 3, 2, '500 verbs', '', '2018-07-19 07:50:32'),
(555, '2018-07-18', '2018-W29', 1, 6, 'random apartment cleaning', '', '2018-07-19 07:55:05'),
(556, '2018-07-18', '2018-W29', 2, 9, 'Design cool new logo for Tomato220', '', '2018-07-19 08:00:52'),
(557, '2018-07-19', '2018-W29', 3, 1, 'Fix the date search on homepage to pull by tomdate instead of timestamp and did some other things like delete dead files and organize code', '', '2018-07-19 09:02:07'),
(558, '2018-07-20', '2018-W29', 2, 5, 'Play guitar a lot until fingers were sore', '', '2018-07-21 06:45:38'),
(559, '2018-07-20', '2018-W29', 2, 1, 'Remove old code that was used with pre normalized database.  and also scrape tomato timer code for Javascript tomato timer', '', '2018-07-21 06:52:33'),
(560, '2018-07-20', '2018-W29', 4, 9, 'S kult! Really great design work on Tomato220 and Friendolizer', '', '2018-07-21 07:52:38'),
(561, '2018-07-21', '2018-W29', 4, 9, 'Work on tomtato view page home-105.ai and work with compare link that shows previous day or work or month', '', '2018-07-21 09:33:13'),
(562, '2018-07-21', '2018-W29', 1, 12, 'Research forks on xxl', '', '2018-07-21 11:32:18'),
(563, '2018-07-21', '2018-W29', 4, 1, 'Re make display of today tomatos to include delete and edit fontawesome icons.', '', '2018-07-21 11:44:46'),
(564, '2018-07-21', '2018-W29', 2, 6, 'Wash dishes wipe counters clean microwave move some bike gear put some clothes away hand wash cycling shorts and socks', '', '2018-07-21 13:19:50'),
(565, '2018-07-21', '2018-W29', 1, 5, 'More guitar playing but with Eastman E20. ', '', '2018-07-21 13:21:56'),
(566, '2018-07-22', '2018-W29', 4, 2, 'Listen to Karense and repeat her phrases. Keyword Karense Tid. All about being late and excuses and such. Also listen to nrk.no/neyhetene and sverige radio about forest fire in Sverige.', '', '2018-07-22 07:28:32'),
(567, '2018-07-22', '2018-W29', 2, 9, 'Tomato220 changed to black text and added edit icon and trash icon and compare link', '', '2018-07-22 09:36:15'),
(568, '2018-07-22', '2018-W29', 2, 5, 'Guitar general', '', '2018-07-22 10:15:08'),
(569, '2018-07-22', '2018-W29', 1, 7, 'Power nap!', '', '2018-07-22 10:18:50'),
(570, '2018-07-23', '2018-W30', 2, 2, '500 verbs page one', '', '2018-07-23 10:39:04'),
(571, '2018-07-23', '2018-W30', 2, 2, 're download FFMPEG and watch karense for download OM and TID', 'https://www.youtube.com/watch?v=ARudHRf1KuA&t=188s', '2018-07-23 10:40:42'),
(572, '2018-07-22', '2018-W29', 2, 3, 'watch videos for Ionic pre assign 1', '', '2018-07-23 10:41:56'),
(573, '2018-07-24', '2018-W30', 4, 1, 'Sort out PuTTY and WinSCP and start to transerfer Log In files to remote Tomato220.com', '', '2018-07-24 10:26:03'),
(574, '2018-07-24', '2018-W30', 2, 3, 'First assignment video Coursera Fullstack Ionic', '', '2018-07-24 11:44:02'),
(575, '2018-07-24', '2018-W30', 4, 2, '500 verbs book page two of verbs', '', '2018-07-24 14:06:03'),
(576, '2018-07-24', '2018-W30', 1, 2, 'Download uttryker videos from YouTube with youtube-dl', '', '2018-07-24 14:44:36'),
(577, '2018-07-24', '2018-W30', 4, 2, 'Karense on cell phone', '', '2018-07-25 05:06:42'),
(578, '2018-07-25', '2018-W30', 1, 5, 'Coming into Los Angeles Train Called New Orleans Horn of Tripoli', '', '2018-07-25 05:08:14'),
(579, '2018-07-25', '2018-W30', 2, 2, 'Download uttrykker from YouTube with youtube-dl and ffmpeg convert to mp3 download separate mp3 and mp4 files', '', '2018-07-25 08:31:42'),
(580, '2018-07-25', '2018-W30', 5, 2, 'Listen to Utrykker segments on mobile', '', '2018-07-26 08:18:52'),
(581, '2018-07-26', '2018-W30', 1, 5, 'Good morning guitar & coffee session', '', '2018-07-26 08:19:33'),
(582, '2018-07-27', '2018-W30', 4, 1, 'Apt get sendmail and various problem solving. Online mail form not yet sending mail to leif@leiflinder.com', '', '2018-07-27 09:32:38'),
(583, '2018-07-27', '2018-W30', 2, 5, 'Good solid guitar time in the morning. Scale oriented playing with improvisation.', '', '2018-07-28 05:14:00'),
(584, '2018-07-27', '2018-W30', 4, 1, 'Long time figuring out how to make email functionality work on ubuntu 18 installation on linode. Works but goes to spam folder. Next learn how to make fully qualified domain name and headers to make email go to inbox and not spam folder. All this is to make login feature of tomato220 work so I can start to use remote version of site.', '', '2018-07-28 05:17:32'),
(585, '2018-07-30', '2018-W31', 4, 6, 'Clean apartment before wife and kids return. Clean bathroom kitchen organize bike gear and vacuum.', '', '2018-07-31 06:14:23'),
(586, '2018-07-30', '2018-W31', 4, 9, 'Create new Linder Creative logo and new Tomato220 listing view design with Illustrator', '', '2018-07-31 06:15:24'),
(587, '2018-07-31', '2018-W31', 4, 9, 'Design Tomato220', '', '2018-07-31 06:26:48'),
(588, '2018-07-31', '2018-W31', 1, 12, 'Research free SSL because now chrome says your site insecure without SSL', '', '2018-07-31 08:10:48'),
(589, '2018-07-31', '2018-W31', 4, 9, 'Design Linder Creative Logo and homepage using Bootstrap Portfolio style layout in Illustrator', '', '2018-07-31 08:57:36'),
(590, '2018-08-02', '2018-W31', 5, 2, 'Utrykker and karense O9Sk1Eln0wE T5Lq-RVFaFw', '', '2018-08-03 06:44:46'),
(591, '2018-08-02', '2018-W31', 2, 9, 'Work on Tomato220 and LinderCreative display of app mods on homepage', '', '2018-08-03 06:50:05'),
(592, '2018-08-02', '2018-W31', 4, 3, 'Study this guys login system with email confirmation download pages', 'https://www.phpclasses.org/package/10087-PHP-Register-and-login-users-in-a-database-with-PDO.html#view_files/files/example', '2018-08-03 07:26:58'),
(593, '2018-08-03', '2018-W31', 2, 3, 'Research PHP Login systems and document', '', '2018-08-03 07:49:48'),
(594, '2018-08-03', '2018-W31', 2, 3, 'Coursera Ionic Cordova create a bunch of new sites for domains and reread instructions for creating Ionic Cordova sites', '', '2018-08-03 08:42:11'),
(595, '2018-08-03', '2018-W31', 5, 6, 'Clean kitchen put dishes away vacuum kitchen livingroom fifi room my room entry room. clean mirrors. clean my room.', '', '2018-08-03 11:36:09'),
(596, '2018-08-03', '2018-W31', 4, 3, 'Set up ionic on a bunch of new sites in Ionic folder in Sites folder. Fix problem notes in problems.txt', '', '2018-08-04 10:52:49'),
(597, '2018-08-04', '2018-W31', 6, 3, 'Set up server and watch week 2 videos of ionic', '', '2018-08-04 10:54:18'),
(598, '2018-08-04', '2018-W31', 1, 2, 'Karense video 245 334', '', '2018-08-04 10:59:50'),
(599, '2018-08-06', '2018-W32', 8, 9, 'Work on Tomato220 design for mobile homepage', '', '2018-08-06 08:02:05'),
(600, '2018-08-06', '2018-W32', 4, 3, 'Ionic assignment 1', '', '2018-08-06 12:20:33'),
(601, '2018-08-06', '2018-W32', 5, 2, 'Norse Utrykker', '', '2018-08-07 07:08:08'),
(602, '2018-08-07', '2018-W32', 2, 9, 'Design Link Keyword To Category Mock Up', '', '2018-08-07 07:09:19'),
(603, '2018-08-07', '2018-W32', 8, 1, 'Create email for Tomato220 ZoHo mail Add new GoDaddy DNS', '', '2018-08-07 08:41:42'),
(604, '2018-08-07', '2018-W32', 4, 1, 'Make Zoho mail work for website to use as mailing service. ', '', '2018-08-08 05:54:03'),
(605, '2018-08-07', '2018-W32', 4, 2, 'Listen to epressions utrykk', '', '2018-08-08 05:55:00'),
(606, '2018-08-07', '2018-W32', 1, 2, 'Read Primus', '', '2018-08-08 05:55:30'),
(607, '2018-08-08', '2018-W32', 4, 3, 'Cannot find Fully Qualified Domain Name FQDN probloem', '', '2018-08-08 08:15:20');

-- --------------------------------------------------------

--
-- Table structure for table `week`
--

DROP TABLE IF EXISTS `week`;
CREATE TABLE `week` (
  `id` int(11) NOT NULL,
  `week` varchar(10) DEFAULT NULL,
  `timestamp` timestamp NOT NULL DEFAULT CURRENT_TIMESTAMP
) ENGINE=InnoDB DEFAULT CHARSET=latin1;

--
-- Dumping data for table `week`
--

INSERT INTO `week` (`id`, `week`, `timestamp`) VALUES
(1, '2018-W28', '2018-07-09 11:52:04');

--
-- Indexes for dumped tables
--

--
-- Indexes for table `category`
--
ALTER TABLE `category`
  ADD PRIMARY KEY (`id`);

--
-- Indexes for table `keywords`
--
ALTER TABLE `keywords`
  ADD PRIMARY KEY (`id`);

--
-- Indexes for table `link_cat_to_keywords`
--
ALTER TABLE `link_cat_to_keywords`
  ADD PRIMARY KEY (`id`);

--
-- Indexes for table `link_tom_to_keywords`
--
ALTER TABLE `link_tom_to_keywords`
  ADD PRIMARY KEY (`id`);

--
-- Indexes for table `tomato`
--
ALTER TABLE `tomato`
  ADD PRIMARY KEY (`id`);

--
-- Indexes for table `week`
--
ALTER TABLE `week`
  ADD PRIMARY KEY (`id`);

--
-- AUTO_INCREMENT for dumped tables
--

--
-- AUTO_INCREMENT for table `category`
--
ALTER TABLE `category`
  MODIFY `id` int(11) NOT NULL AUTO_INCREMENT, AUTO_INCREMENT=21;
--
-- AUTO_INCREMENT for table `keywords`
--
ALTER TABLE `keywords`
  MODIFY `id` int(11) NOT NULL AUTO_INCREMENT, AUTO_INCREMENT=142;
--
-- AUTO_INCREMENT for table `link_cat_to_keywords`
--
ALTER TABLE `link_cat_to_keywords`
  MODIFY `id` int(11) NOT NULL AUTO_INCREMENT, AUTO_INCREMENT=209;
--
-- AUTO_INCREMENT for table `link_tom_to_keywords`
--
ALTER TABLE `link_tom_to_keywords`
  MODIFY `id` int(11) NOT NULL AUTO_INCREMENT, AUTO_INCREMENT=908;
--
-- AUTO_INCREMENT for table `tomato`
--
ALTER TABLE `tomato`
  MODIFY `id` int(11) NOT NULL AUTO_INCREMENT, AUTO_INCREMENT=608;
--
-- AUTO_INCREMENT for table `week`
--
ALTER TABLE `week`
  MODIFY `id` int(11) NOT NULL AUTO_INCREMENT, AUTO_INCREMENT=2;
/*!40101 SET CHARACTER_SET_CLIENT=@OLD_CHARACTER_SET_CLIENT */;
/*!40101 SET CHARACTER_SET_RESULTS=@OLD_CHARACTER_SET_RESULTS */;
/*!40101 SET COLLATION_CONNECTION=@OLD_COLLATION_CONNECTION */;
